INSERT INTO [TB_TACO_SecurityRole] ( [SecurityRole], [RoleDescription], [CreatedBy]) 
VALUES ('Employee', 'Employee', '1'),
('GlobalAdmin', 'Global Admin', '1'),
('TeamAdmin', 'Team Admin', '1'),
('TeamLead', 'Team Lead', '1');

INSERT INTO [TB_TACO_Department] ( [DepartmentName], [DepartmentDescription], [StartDate], [ExpiryDate], [CreatedBy], [CreatedOn], [ModifiedBy], [ModifiedOn]) 
VALUES ('Sales', 'generate real-time infrastructures', '2018-06-30T03:44:29.000', '2020-02-13T05:14:20.000', 5, '2018-08-11T07:22:14.000', 5, '2018-06-01T08:54:18.000'),
('Engineering', 'leverage dynamic content', '2019-02-20T18:51:17.000', '2020-02-13T05:14:20.000', 4, '2018-07-08T16:42:57.000', 5, '2018-10-22T22:54:57.000'),
('Training', 'repurpose leading-edge models', '2018-05-05T09:43:50.000', '2020-02-13T05:14:20.000', 5, '2019-01-17T02:41:43.000', 2, '2018-09-27T10:51:33.000'),
('Bussiness Inteligence', 'empower ubiquitous action-items', '2018-05-15T19:39:02.000', '2020-02-13T05:14:20.000', 1, '2018-03-05T02:55:26.000', 4, '2018-09-13T18:28:07.000'),
('Tech', 'synthesize cross-media vortals', '2018-09-28T02:23:20.000', '2020-02-13T05:14:20.000', 5, '2018-08-13T05:18:39.000', 1, '2018-09-03T16:47:30.000'),
('Support', 'engage wireless infrastructures', '2019-01-22T09:29:45.000', '2020-02-13T05:14:20.000', 5, '2018-05-26T22:10:31.000', 1, '2018-07-31T08:21:17.000'),
('Media', 'visualize 24/365 supply-chains', '2018-08-21T16:11:39.000', '2020-02-13T05:14:20.000', 4, '2018-03-30T06:18:11.000', 3, '2019-01-28T08:37:30.000'),
('Research and Development', 'reintermediate one-to-one synergies', '2018-05-01T18:35:23.000', '2020-02-13T05:14:20.000', 1, '2018-04-13T20:26:13.000', 3, '2018-04-21T11:42:57.000'),
('Legal', 'brand end-to-end e-business', '2019-01-13T02:11:36.000', '2020-02-13T05:14:20.000', 5, '2018-06-05T14:02:31.000', 1, '2018-07-29T03:19:18.000'),
('Accounting', 'transform interactive models', '2018-08-15T00:49:37.000', '2020-02-13T05:14:20.000', 2, '2018-10-05T01:41:34.000', 1, '2018-06-13T01:15:05.000')


INSERT INTO [TB_TACO_Area] ([DepartmentId], [AreaName], [AreaDescription], [StartDate], [ExpiryDate], [CreatedBy], [CreatedOn], [ModifiedBy], [ModifiedOn]) 
VALUES (1, 'Area_A', 'disintermediate proactive ROI', '2018-12-12T15:56:47.000', '2020-02-13T05:14:20.000', 2, '2018-08-13T01:14:58.000', 3, '2018-07-02T15:55:44.000'),
(8, 'Area_B', 'generate leading-edge infrastructures', '2018-05-27T07:27:35.000', '2020-02-13T05:14:20.000', 2, '2018-06-06T08:41:08.000', 1, '2018-08-29T09:23:56.000'),
(1, 'Area_C', 'iterate global portals', '2019-01-07T12:24:52.000', '2020-02-13T05:14:20.000', 2, '2019-02-06T23:59:57.000', 1, '2019-02-28T02:20:59.000'),
(8, 'Area_D', 'exploit innovative action-items', '2018-05-27T05:06:56.000', '2020-02-13T05:14:20.000', 3, '2018-03-11T14:20:41.000', 4, '2018-07-12T15:01:47.000'),
(2, 'Area_E', 'drive value-added systems', '2019-02-12T08:22:25.000', '2020-02-13T05:14:20.000', 1, '2018-09-20T01:32:35.000', 1, '2018-04-20T23:43:21.000'),
(3, 'Area_F', 'synthesize turn-key networks', '2019-01-16T01:11:26.000', '2020-02-13T05:14:20.000', 2, '2018-09-29T07:50:29.000', 2, '2018-10-26T09:46:11.000'),
(2, 'Area_G', 'expedite ubiquitous deliverables', '2018-12-21T18:58:07.000', '2020-02-13T05:14:20.000', 3, '2018-05-09T19:27:47.000', 5, '2019-03-01T22:19:08.000'),
(5, 'Area_H', 'synthesize cross-platform experiences', '2018-10-29T17:02:51.000', '2020-02-13T05:14:20.000', 5, '2018-10-29T10:34:55.000', 2, '2018-03-09T12:50:46.000'),
(8, 'Area_I', 'revolutionize plug-and-play convergence', '2018-03-11T19:59:24.000', '2020-02-13T05:14:20.000', 5, '2018-07-10T02:20:43.000', 2, '2019-01-28T22:04:03.000'),
(2, 'Area_J', 'envisioneer leading-edge systems', '2019-02-05T01:55:54.000', '2020-02-13T05:14:20.000', 2, '2018-05-11T21:19:42.000', 2, '2018-09-15T12:23:53.000')


Insert into TB_TACO_Schedule (ScheduleName, ScheduleDescription, ScheduleTime, CreatedBy, CreatedOn)
Values
('Regular Hours', '7 hours 15 minutes', 435, '1', '2017-11-17T23:08:41.000'),
('Part-time','Variable', 0, '1', '2017-11-17T23:08:41.000'),
('Compressed Work Week I', '8 hours 4 minutes', 484, '1', '2017-11-17T23:08:41.000'),
('Compressed Work Week II', '9 hours 4 minutes', 544, '1', '2017-11-17T23:08:41.000'),
('Earned Time Off', '7 hours 35 minutes', 455, '1', '2017-11-17T23:08:41.000');

Insert into TB_TACO_Attendance (AttendanceCode, AttendanceDescription, Units, CreatedBy, CreatedOn)
Values
('VAC', 'Vacation', 'days', 1, '2017-11-17T23:08:41.000'),
('FWT', 'Flexible Work', 'hours', 1, '2017-11-17T23:08:41.000'),
('ETO', 'Earned Time Off', 'days', 1, '2017-11-17T23:08:41.000');

Insert into TB_TACO_Overtime (OvertimeCode, OvertimeDescription, Units, CreatedBy, CreatedOn)
Values
('BNK', 'Banked Time', 'hours', 1, '2017-11-17T23:08:41.000'),
('OT', 'Overtime', 'hours', 1, '2017-11-17T23:08:41.000');

INSERT into [TB_TACO_Unit] ([AreaId], [UnitName], [UnitDescription], [StartDate], [ExpiryDate], [CreatedBy], [CreatedOn], [ModifiedBy], [ModifiedOn]) 
VALUES (3, 'Unit_A', 'Tall Ironweed', '2018-07-05T17:59:47.000', '2020-02-28T04:27:35.000', 4, '2018-11-20T21:02:52.000', 5, '2018-12-17T10:42:55.000'),
(2, 'Unit_B', 'Violet Crabgrass', '2018-07-30T01:00:07.000', '2020-01-09T18:32:52.000', 3, '2019-02-13T01:47:55.000', 2, '2018-10-06T09:34:51.000'),
(2, 'Unit_C', 'Laguncularia', '2018-05-24T18:09:53.000', '2020-03-30T12:03:22.000', 1, '2019-03-02T21:23:14.000', 2, '2018-05-23T13:19:52.000'),
(3, 'Unit_D', 'Hybrid Oak', '2018-03-10T20:53:47.000', '2020-12-08T02:23:02.000', 5, '2018-09-02T12:48:12.000', 2, '2018-11-17T23:13:25.000'),
(4, 'Unit_E', 'Schistidium Moss', '2018-10-07T21:42:00.000', '2020-02-09T09:09:22.000', 4, '2019-01-31T03:55:22.000', 4, '2018-05-18T00:02:30.000'),
(4, 'Unit_F', 'Sand Plantain', '2018-08-27T15:27:31.000', '2020-12-31T23:56:24.000', 3, '2019-01-07T16:52:16.000', 5, '2018-12-10T13:18:35.000'),
(6, 'Unit_G', 'Springstar', '2018-11-11T00:00:00.000', '2020-12-17T00:00:00.000', 5, '2018-07-15T14:10:36.000', 10, '2019-03-19T09:38:48.690'),
(5, 'Unit_H', 'Drymary', '2018-12-01T05:23:44.000', '2020-07-15T19:12:14.000', 3, '2018-12-19T11:18:10.000', 2, '2018-07-24T05:39:41.000'),
(5, 'Unit_I', 'Peck''s Beardtongue', '2018-12-02T09:49:50.000', '2020-11-06T11:41:20.000', 1, '2018-06-20T20:20:35.000', 1, '2019-01-31T03:00:26.000'),
(7, 'Unit_J', 'Salt Spring Checkerbloom', '2018-11-12T10:51:15.000', '2020-02-12T08:43:38.000', 1, '2019-01-31T07:53:04.000', 2, '2019-02-09T18:03:44.000'),
(2, 'Unit_Z', '1111', '2019-03-25T00:00:00.000', '9999-12-31T00:00:00.000', 10, '2019-03-19T10:12:39.487', 10, '2019-03-19T10:14:35.250'),
(2, 'Unit_Y', '2222', '2019-03-19T00:00:00.000', '9999-12-31T00:00:00.000', 10, '2019-03-19T10:14:58.570', 10, '2019-03-19T10:17:06.737');

INSERT [TB_TACO_Team] ([UnitId], [TeamName], [TeamDescription], [StartDate], [ExpiryDate], [CreatedBy], [CreatedOn], [ModifiedBy], [ModifiedOn]) 
VALUES (9, 'Voltsillam', 'transform robust technologies', '2018-12-01T09:46:43.000', '2020-02-13T05:14:20.000', 5, '2018-11-01T00:09:29.000', 3, '2018-05-07T14:01:43.000'),
(6, 'Zontrax', 'whiteboard vertical solutions', '2019-01-31T07:18:20.000', '2020-02-13T05:14:20.000', 2, '2018-04-05T20:42:13.000', 1, '2019-01-26T14:53:28.000'),
(4, 'Domainer', 'redefine user-centric experiences', '2018-11-01T07:11:20.000', '2020-02-13T05:14:20.000', 3, '2018-10-20T16:04:28.000', 5, '2019-02-22T15:17:47.000'),
(3, 'Stronghold', 'reintermediate best-of-breed architectures', '2018-09-29T10:16:02.000', '2020-02-13T05:14:20.000', 1, '2018-09-12T08:13:10.000', 2, '2018-10-19T05:23:20.000'),
(6, 'Quo Lux', 'utilize clicks-and-mortar e-tailers', '2018-12-27T14:20:36.000', '2020-02-13T05:14:20.000', 4, '2018-09-03T05:12:47.000', 2, '2018-08-02T05:29:51.000'),
(4, 'Flexidy', 'evolve magnetic platforms', '2018-09-04T14:24:48.000', '2020-02-13T05:14:20.000', 2, '2018-12-05T01:43:11.000', 2, '2018-03-11T12:39:53.000'),
(8, 'Ronstring', 'integrate dot-com portals', '2018-10-27T09:46:26.000', '2020-02-13T05:14:20.000', 2, '2019-01-10T02:38:59.000', 1, '2018-12-17T12:49:29.000'),
(5, 'Mat Lam Tam', 'drive ubiquitous initiatives', '2018-06-12T13:21:43.000', '2020-02-13T05:14:20.000', 5, '2018-07-31T03:47:32.000', 3, '2018-11-19T00:36:19.000'),
(2, 'Hatity', 'innovate leading-edge convergence', '2018-05-17T20:02:08.000', '2020-02-13T05:14:20.000', 3, '2018-06-28T14:45:54.000', 2, '2018-04-06T17:50:56.000'),
(8, 'Temp', 'syndicate holistic applications', '2018-10-05T05:58:09.000', '2020-02-13T05:14:20.000', 5, '2018-09-26T17:01:05.000', 3, '2018-12-24T21:15:29.000'),
(10, 'Tresom', 'mesh magnetic mindshare', '2018-07-31T10:26:51.000', '2020-02-13T05:14:20.000', 5, '2018-12-30T00:56:00.000', 4, '2018-06-04T23:20:46.000'),
(8, 'Toughjoyfax', 'matrix collaborative vortals', '2018-04-13T06:23:31.000', '2020-02-13T05:14:20.000', 1, '2018-09-21T23:34:47.000', 3, '2018-10-07T20:26:38.000'),
(1, 'Tampflex', 'maximize cross-media architectures', '2018-03-25T12:39:36.000', '2020-02-13T05:14:20.000', 1, '2018-07-05T23:15:13.000', 1, '2019-02-03T18:21:12.000'),
(8, 'Transcof', 'facilitate bleeding-edge content', '2018-06-03T09:17:31.000', '2020-02-13T05:14:20.000', 2, '2018-11-17T15:16:09.000', 2, '2018-10-07T18:59:45.000'),
(9, 'Keylex', 'innovate rich infrastructures', '2018-09-20T13:41:46.000', '2020-02-13T05:14:20.000', 2, '2018-08-30T19:53:32.000', 4, '2018-07-29T15:45:25.000'),
(8, 'Cardify', 'drive open-source technologies', '2018-08-06T12:53:18.000', '2020-02-13T05:14:20.000', 1, '2019-02-24T00:07:30.000', 4, '2018-06-06T17:14:49.000'),
(7, 'Hatity', 'extend innovative users', '2018-10-13T09:42:47.000', '2020-02-13T05:14:20.000', 3, '2018-07-17T11:03:39.000', 1, '2018-04-12T05:37:01.000'),
(1, 'Aerified', 'maximize out-of-the-box deliverables', '2019-01-08T20:55:48.000', '2020-02-13T05:14:20.000', 3, '2018-07-19T18:14:38.000', 3, '2018-08-01T18:58:48.000'),
(9, 'Pannier', 'iterate virtual ROI', '2018-11-13T23:33:38.000', '2020-02-13T05:14:20.000', 4, '2018-04-08T12:57:23.000', 5, '2018-07-06T06:04:36.000'),
(7, 'Flexidy', 'deliver synergistic applications', '2018-07-31T12:11:03.000', '2020-02-13T05:14:20.000', 1, '2018-11-22T23:40:56.000', 2, '2018-12-28T18:48:08.000');


INSERT INTO [TB_TACO_Category] ([CategoryName], [CategoryDescription], [StartDate], [ExpiryDate], [CreatedBy], [CreatedOn], [ModifiedBy], [ModifiedOn]) 
VALUES ('Stronghold', 'nasa.gov', '2017-06-07T09:11:49.000', '2020-06-17T13:28:26.000', 1, '2019-02-06T03:51:04.000', 4, '2018-04-03T15:25:27.000'),
('Trippledex', 'nps.gov', '2017-08-09T15:58:01.000', '2020-12-01T09:37:27.000', 2, '2018-04-19T02:31:12.000', 4, '2018-11-19T01:54:51.000'),
('Fintone', 'webmd.com', '2017-07-07T22:29:43.000', '2020-02-11T00:13:45.000', 3, '2018-07-08T11:51:56.000', 5, '2018-07-28T00:36:30.000'),
('Bitwolf', 'harvard.edu', '2017-04-17T23:53:58.000', '2020-09-19T22:27:50.000', 3, '2018-03-20T07:31:02.000', 2, '2019-01-13T03:02:55.000'),
('Y-find', 'unesco.org', '2017-12-25T02:43:48.000', '2020-09-30T14:42:23.000', 1, '2019-02-16T21:50:34.000', 3, '2018-03-30T17:47:10.000'),
('Andalax', 'ft.com', '2017-09-28T00:28:53.000', '2020-05-16T09:49:47.000', 4, '2018-07-27T02:08:53.000', 2, '2018-09-19T22:11:51.000'),
('Tempsoft', 'biblegateway.com', '2017-06-19T09:45:05.000', '2020-05-04T11:56:20.000', 4, '2019-02-06T01:36:51.000', 1, '2019-02-28T10:01:00.000'),
('Viva', 'dell.com', '2017-10-16T13:47:24.000', '2020-10-21T16:49:25.000', 4, '2018-04-29T12:42:41.000', 1, '2019-03-02T14:16:32.000'),
('Prodder', 'sitemeter.com', '2017-04-01T18:43:29.000', '2020-12-26T23:49:59.000', 3, '2018-04-20T13:18:26.000', 2, '2018-11-24T04:39:41.000'),
('Konklab', 'yellowpages.com', '2018-02-19T08:02:07.000', '2020-05-08T02:11:31.000', 1, '2018-03-20T11:49:46.000', 5, '2018-06-15T13:27:08.000')


INSERT INTO [TB_TACO_Holiday] ([HolidayName], [HolidayDate], [CreatedBy], [CreatedOn], [ModifiedBy], [ModifiedOn]) 
VALUES ('Boxing Day', '2019-12-26T11:32:13.000', 4, '2017-04-13T13:16:47.000', 4, '2018-08-31T03:43:19.000'),
('Waitangi Day', '2019-02-06T11:39:11.000', 1, '2018-01-29T13:54:29.000', 3, '2018-11-24T04:43:50.000'),
('Good Friday', '2019-04-19T11:47:18.000', 3, '2018-02-11T03:14:32.000', 1, '2018-05-20T18:26:26.000'),
('Labour Day', '2019-09-12T17:19:05.000', 1, '2017-05-09T09:15:33.000', 3, '2018-05-07T08:33:31.000'),
('Easter Monday', '2019-04-22T05:38:20.000', 4, '2017-07-17T21:57:12.000', 3, '2018-04-02T23:00:06.000'),
('New Year''s Day', '2020-01-01T16:43:07.000', 4, '2018-02-14T04:02:15.000', 2, '2018-05-07T13:34:58.000'),
('Christmas Day', '2019-12-25T00:43:35.000', 2, '2017-04-02T01:11:51.000', 5, '2018-11-26T18:06:39.000'),
('Canada Day', '2019-06-01T13:37:23.000', 4, '2017-09-07T07:29:40.000', 1, '2018-03-12T15:12:19.000'),
('Christmas Eve', '2019-12-24T08:23:15.000', 3, '2018-01-20T21:46:15.000', 4, '2018-07-19T07:48:14.000');

INSERT INTO [TB_TACO_Position] ([PositionName], [PositionDescription], [CreatedBy], [CreatedOn], [ModifiedBy], [ModifiedOn]) 
VALUES ('Automation Specialist II', 'product', 4, '2019-01-05T04:15:23.000', 3, '2019-01-20T20:38:14.000'),
('Developer', 'Reactive', 4, '2018-10-24T14:43:30.000', 3, '2018-07-11T06:18:26.000'),
('Assistant Professor', 'synergy', 4, '2018-10-19T09:05:40.000', 1, '2018-04-03T07:13:23.000'),
('Information Systems Manager', 'User-centric', 4, '2018-04-06T02:21:14.000', 4, '2019-02-07T21:29:54.000'),
('Staff IT', 'forecast', 1, '2019-02-21T11:17:30.000', 5, '2018-03-29T03:16:41.000'),
('Staff Media', 'Integrated', 1, '2019-03-03T19:25:09.000', 1, '2018-11-16T02:58:37.000'),
('Financial Analyst', 'Multi-layered', 4, '2018-08-21T02:20:04.000', 1, '2018-04-29T22:54:12.000'),
('Junior Developer', 'leading edge', 5, '2018-03-06T17:46:30.000', 5, '2018-05-31T13:15:08.000'),
('Financial Advisor', 'Persistent', 4, '2018-04-13T00:46:03.000', 1, '2018-12-17T06:33:57.000'),
('Nurse', 'zero tolerance', 5, '2018-09-18T02:23:28.000', 2, '2018-12-19T10:53:36.000'),
('Staff Scientist', '24/7', 4, '2018-03-09T09:06:08.000', 2, '2018-03-31T23:46:45.000'),
('Payment Adjustment Coordinator', N'Digitized', 4, '2018-03-30T15:00:53.000', 3, '2019-02-22T10:16:22.000'),
('Professor', 'needs-based', 3, '2018-10-11T16:47:42.000', 1, '2018-06-17T18:05:33.000'),
('Food Chemist', 'full-range', 1, '2018-06-07T03:24:36.000', 5, '2018-06-01T12:09:04.000'),
('Sales Associate', 'regional', 1, '2018-11-30T08:15:26.000', 1, '2018-03-18T08:35:01.000');

INSERT INTO [TB_TACO_Project] ([CategoryId], [ProjectName], [ProjectDescription], [StartDate], [EndDate], [Priority], [CreatedBy], [CreatedOn], [ModifiedBy], [ModifiedOn]) 
VALUES (2, 'global', 'Fetal anemia and thrombocytopenia, second trimester', '2017-04-26T19:16:50.000', '2022-05-27T01:24:54.000', 'Medium', 1, '2017-03-29T02:57:55.000', 1, '2018-02-08T10:17:26.000'),
(5, 'system-worthy', 'Collapse of dam or man-made structure causing earth movement sequela', '2017-04-01T12:23:15.000', '2020-01-27T08:35:57.000', 'High', 4, '2017-03-30T08:43:47.000', 2, '2018-02-22T02:47:51.000'),
(5, 'contextually-based', 'Nondisplaced fracture of trapezium larger multangular unspecified wrist', '2017-08-29T22:00:29.000', '2022-06-12T15:53:31.000', 'Low', 5, '2017-03-09T04:24:52.000', 3, '2018-03-01T19:43:54.000'),
(1, 'zero tolerance', 'Minor laceration of left external jugular vein, sequela', '2018-02-10T00:00:37.000', '2022-06-16T23:53:07.000', 'Medium', 5, '2017-11-15T15:26:36.000', 5, '2018-03-03T03:22:04.000'),
(9, 'actuating', 'Cannabis abuse', '2017-04-05T22:11:39.000', '2020-09-23T13:01:44.000', 'High', 3, '2018-01-21T03:58:18.000', 5, '2018-02-09T10:34:02.000'),
(5, 'Multi tiered', 'Other superficial bite of unspecified external genital organs, female, sequela', '2017-04-02T03:03:53.000', '2025-01-26T03:01:08.000', 'Medium', 5, '2017-03-05T04:02:38.000', 5, '2018-02-22T16:34:43.000'),
(7, 'secondary', 'Insufficient anterior guidance', '2018-01-07T15:53:03.000', '2019-11-14T16:54:25.000', 'Medium', 3, '2017-08-15T12:20:17.000', 4, '2018-02-20T06:23:36.000'),
(5, 'protocol', 'Displaced comminuted fracture of shaft of left tibia, subsequent encounter for open fracture ', '2017-08-03T09:24:48.000', '2020-04-25T06:49:47.000', 'High', 1, '2017-01-24T02:07:13.000', 5, '2018-02-17T00:28:07.000'),
(3, 'Expanded', 'Complete traumatic amputation at right hip joint, subsequent encounter', '2017-09-27T20:15:00.000', '2019-06-11T05:51:08.000', 'Medium', 2, '2017-02-05T21:28:03.000', 4, '2018-03-02T22:40:12.000'),
(6, 'time-frame', 'Body mass index (BMI) 23.0-23.9, adult', '2017-05-30T07:26:24.000', '2020-03-27T16:42:32.000', 'Medium', 1, '2017-10-05T23:31:10.000', 2, '2018-02-15T17:39:20.000');


INSERT [TB_TACO_Employee] ([PositionId], [EmployeeNumber], [SecurityRoleId],[FirstName], [LastName], [HireDate], [TerminationDate], [Birthdate], [EmergencyContactName], [EmergencyContactPhone], [Station], [Computer], [Phone], [Email], [ScheduleId], [CreatedBy], [CreatedOn], [ModifiedBy], [ModifiedOn]) 
VALUES (2, 'Administrator', 2, 'Global', 'Admin', '2019-01-01T05:45:17.000', NULL, '1990-05-18T02:43:59.000', 'Mycah Roxbee', '(884)171-9444', 'S82011', 'S8262XR', '(620)672-5467', 'mroxbee0@upenn.edu', 4, 5, '2016-05-12T06:29:50.000', 4, '2017-12-18T15:00:27.000'),
(5, 'teamlead1', 4, 'Team', 'Lead', '2019-01-01T06:39:32.000', NULL, '1990-09-20T05:21:08.000', 'Mandie Lovatt', '(644)672-9238', 'T63011S', 'H95131', '(688)148-1858', 'mlovatt1@hostgator.com', 1, 2, '2016-11-09T04:51:05.000', 2, '2017-11-05T20:19:40.000'),
(2, 'teamadmin1', 3, 'Team', 'Admin', '2019-01-01T05:41:59.000', NULL, '1991-10-25T02:02:48.000', 'Lethia Bloggett', '(884)171-9444', 'S27329D', 'S9361', '(644)672-9238', 'lbloggett2@imdb.com', 2, 2, '2016-04-12T11:41:10.000', 1, '2018-01-21T05:36:21.000'),
(4, 'employee1', 1, 'A', 'Employee', '2017-07-13T02:37:41.000', NULL, '1991-11-07T12:06:23.000', 'Sammy Gianuzzi', '(688)148-1858', 'H11232', 'S62035', '(644)672-9238', 'sgianuzzi3@hostgator.com', 5, 2, '2016-12-29T06:09:13.000', 4, '2018-02-19T00:52:46.000'),
(4, 'Glavess', 1, 'Silvio', 'Glaves', '2016-04-12T07:25:49.000', NULL, '1991-03-30T01:32:49.000', 'Silvio Glaves', '(620)672-5467', 'G52', 'S50372S', '(688)148-1858', 'sglaves4@example.com', 3, 3, '2016-07-05T18:10:53.000', 2, '2017-12-24T17:20:12.000'),
(1, 'Kisbeyp', 1, 'Phillipe', 'Kisbey', '2016-10-11T10:59:21.000', NULL, '1991-06-11T00:18:40.000', 'Phillipe Kisbey', '(644)672-9238', 'S62165D', 'I6784', '(644)672-9238', 'pkisbey5@usa.gov', 5, 2, '2017-02-26T00:57:15.000', 4, '2017-10-05T09:12:44.000'),
(1, 'McNeelya', 1, 'Adriaens', 'McNeely', '2018-09-16T09:43:56.000', NULL, '1991-04-08T00:33:25.000', 'Adriaens McNeely', '(620)672-5467', 'H16262', 'T424X6A', '(644)672-9238', 'amcneely6@wiley.com', 1, 1, '2016-08-02T21:45:02.000', 1, '2017-11-13T05:45:30.000'),
(2, 'Althorpr', 1, 'Rosita', 'Althorp', '2017-11-14T16:19:53.000', NULL, '1990-06-13T21:42:42.000', 'Rosita Althorp', '(884)171-9444', 'S6044', 'M05659', '(644)672-9238', 'ralthorp7@sina.com.c', 4, 5, '2016-11-11T10:36:04.000', 1, '2017-04-23T13:45:32.000'),
(7, 'Coldmant', 1, 'Torrie', 'Coldma', '2018-07-08T23:59:10.000', NULL, '1990-09-19T02:15:11.000', 'Torrie Coldma', '(688)148-1858', 'S55001S', 'M84379K', '(644)672-9238', 'tcoldman8@homestead.com', 4, 4, '2016-09-18T16:44:04.000', 1, '2017-05-11T16:08:58.000'),
(10, 'Strathdeew', 1, 'Willa', 'Strathdee', '2018-09-21T02:21:50.000', NULL, '1990-05-23T05:08:48.000', 'Willa Strathdee', '(620)672-5467', 'S52271R', 'D72822', '(644)672-9238', 'wstrathdee9@paypal.com', 3, 1, '2016-10-03T06:48:05.000', 5, '2018-01-07T07:33:39.000'),
(3, 'Omrodm', 1, 'Mariele', 'Omrod', '2017-03-13T06:24:17.000', NULL, '1990-06-02T21:51:19.000', 'Mariele Omrod', '(688)148-1858', 'S52344D', 'H35451', '(620)672-5467', 'momroda@ucoz.ru', 4, 2, '2016-07-30T14:08:15.000', 4, '2017-09-17T14:44:04.000'),
(4, 'Spinigew', 1, 'Waiter', 'Spinige', '2016-08-11T00:20:25.000', NULL, '1990-12-08T17:29:39.000', 'Waiter Spinige', '(644)672-9238', 'T84122D', 'F641', '(644)672-9238', 'wspinigeb@chron.com', 4, 3, '2016-05-18T19:29:50.000', 5, '2017-06-18T03:44:04.000'),
(10, 'Lamingw', 1, 'Wallis', 'Laming', '2018-09-20T04:38:43.000', NULL, '1990-11-10T13:10:09.000', 'Wallis Laming', '(620)672-5467', 'I70461', 'S5037', '(644)672-9238', 'wlamingc@uiuc.edu', 1, 1, '2016-06-28T04:59:55.000', 5, '2017-11-18T06:34:20.000'),
(8, 'Inwoode', 1, 'Elisha', 'Inwood', '2017-08-25T06:27:20.000', NULL, '1991-05-25T17:03:48.000', 'Elisha Inwood', '(688)148-1858', 'V9721XD', 'F630', '(884)171-9444', 'einwoodd@typepad.com', 3, 3, '2017-01-01T03:50:17.000', 5, '2017-09-25T20:04:46.000'),
(2, 'Keetleym', 1, 'Morgana', 'Keetley', '2018-05-07T20:39:38.000', NULL, '1992-03-01T01:29:57.000', 'Morgana Keetley', '(884)171-9444', 'H16261', 'S31159D', '(688)148-1858', 'mkeetleye@sun.com', 1, 3, '2017-01-20T04:06:56.000', 1, '2017-12-14T05:36:38.000'),
(4, 'Dickersonj', 1, 'Jonah', 'Dickerson', '2018-09-10T09:06:39.000', NULL, '1991-01-30T12:42:21.000', 'Jonah Dickerson', '(688)148-1858', 'V8612XA', 'S20171S', '(688)148-1858', 'jdickersonf@wiley.com', 1, 2, '2017-01-31T01:58:32.000', 2, '2017-07-14T07:25:21.000'),
(6, 'Kytea', 1, 'Augusta', 'Kyte', '2018-08-28T20:21:50.000', NULL, '1991-01-20T14:31:51.000', 'Augusta Kyte', '(688)148-1858', 'M1A469', 'R851', '(884)171-9444', 'akyteg@artisteer.com', 3, 5, '2017-01-08T16:18:12.000', 4, '2018-02-28T06:22:20.000'),
(6, 'Doeyh', 1, 'Hannis', 'Doey', '2018-11-16T06:22:16.000', NULL, '1991-05-07T17:44:38.000', 'Hannis Doey', '(644)672-9238', 'H348112', 'S63042S', '(644)672-9238', 'hdoeyh@bbc.co.uk', 2, 5, '2016-03-07T19:58:15.000', 3, '2018-02-13T18:00:55.000'),
(4, 'Breyth', 1, 'Hussein', 'Breyt', '2016-09-16T19:18:08.000', NULL, '1991-12-22T05:20:23.000', 'Hussein Breyt', '(620)672-5467', 'S82245H', 'M85572', '(688)148-1858', 'hbreyti@businessweek.com', 1, 3, '2016-04-14T01:35:18.000', 1, '2017-12-15T02:28:02.000'),
(1, 'Fossm', 1, 'Margette', 'Foss', '2017-12-23T09:18:21.000', NULL, '1991-08-20T16:08:59.000', 'Margette Foss', '(688)148-1858', 'T63433', 'S92241G', '(884)171-9444', 'mfossj@4shared.com', 3, 2, '2017-01-29T15:22:07.000', 3, '2017-11-02T18:25:27.000'),
(7, 'Brechink', 1, 'Karena', 'Brechin', '2017-09-03T10:39:57.000', NULL, '1991-06-25T05:44:13.000', 'Karena Brechin', '(688)148-1858', 'H213', 'S7519', '(620)672-5467', 'kbrechink@census.gov', 3, 3, '2016-06-12T03:59:23.000', 2, '2018-03-04T23:46:39.000'),
(1, 'Hinckleyl', 1, 'L;urette', 'Hinckley', '2017-08-12T09:33:33.000', NULL, '1991-10-21T21:26:01.000', 'Lurette Hinckley', '(620)672-5467', 'S82136J', 'F60', '(688)148-1858', 'lhinckleyl@seattletimes.com', 5, 5, '2016-12-01T01:14:57.000', 2, '2017-10-02T20:47:21.000'),
(6, 'Moniera', 1, 'Antin', 'Monier', '2018-10-23T13:41:19.000', NULL, '1991-03-15T19:34:57.000', 'Antin Monier', '(644)672-9238', 'M2545', 'V958XXD', '(644)672-9238', 'amonierm@gmpg.org', 2, 3, '2016-11-13T19:13:06.000', 5, '2017-08-19T15:42:33.000'),
(7, 'Mantonm', 1, 'Mariel', 'Manton', '2018-03-05T09:47:44.000', NULL, '1990-10-18T07:57:20.000', 'Mariel Manton', '(644)672-9238', 'S63031S', 'T3160', '(644)672-9238', 'mmantonn@freewebs.com', 4, 1, '2016-06-03T03:45:02.000', 1, '2017-11-07T16:03:17.000'),
(7, 'Fulkesb', 1, 'Bridie', 'Fulkes', '2018-12-22T16:41:15.000', NULL, '1992-02-08T21:27:28.000', 'Bridie Fulkes', '(884)171-9444', 'H44532', 'S62305G', '(688)148-1858', 'bfulkeso@artisteer.com', 1, 4, '2016-05-04T00:02:34.000', 1, '2018-01-24T23:37:38.000'),
(4, 'Wrightsonh', 1, 'Hollis', 'Wrightson', '2019-02-15T16:02:21.000', NULL, '1992-01-02T10:23:16.000', 'Hollis Wrightso', '(620)672-5467', 'H44639', 'M89049', '(644)672-9238', 'hwrightsonp@soup.io', 1, 2, '2016-04-08T08:11:34.000', 1, '2017-06-05T05:36:54.000'),
(8, 'Hingeleyl', 1, 'Liz', 'Hingeley', '2017-08-02T05:39:34.000', NULL, '1990-06-22T07:01:37.000', 'Liz Hingeley', '(620)672-5467', 'M8088XA', 'S3693XS', '(620)672-5467', 'lhingeleyq@kickstarter.com', 1, 2, '2016-04-24T03:00:32.000', 3, '2017-08-22T02:25:52.000'),
(4, 'Schultw', 1, 'Wilfrid', 'Schultheiss', '2018-08-01T17:04:02.000', NULL, '1990-12-09T16:04:47.000', 'Wilfrid Schultheiss', '(644)672-9238', 'R868', 'S93144A', '(644)672-9238', 'wschultheissr@sciencedirect.com', 1, 1, '2016-07-29T09:02:02.000', 4, '2017-10-18T00:45:51.000'),
(10, 'Derlepp', 1, 'Page', 'Derle', '2018-10-29T17:26:31.000', NULL, '1992-01-23T09:37:16.000', 'Page Derle', '(688)148-1858', 'T8853XD', 'C8381', '(688)148-1858', 'pderles@mapy.cz', 5, 5, '2016-11-14T13:47:12.000', 3, '2017-04-13T02:31:03.000'),
(1, 'Allbrookl', 1, 'Lynett', 'Allbrook', '2017-01-05T03:12:34.000', NULL, '1991-07-04T23:48:18.000', 'Lynett Allbrook', '(644)672-9238', 'T79A9XA', 'V9733', '(620)672-5467', 'lallbrookt@edublogs.org', 1, 1, '2016-06-12T12:37:48.000', 4, '2018-02-02T01:46:52.000'),
(8, 'Bruckmane', 1, 'Ernesto', 'Bruckman', '2017-06-19T10:50:14.000', NULL, '1991-01-04T08:54:36.000', 'Ernesto Bruckman', '(620)672-5467', 'W050XXS', 'T508X1A', '(688)148-1858', 'ebruckmanu@hugedomains.com', 5, 3, '2016-11-05T21:21:26.000', 1, '2017-03-26T18:02:50.000'),
(1, 'Stuckeyc', 1, 'Colline', 'Stuckey', '2018-12-12T10:59:13.000', NULL, '1992-01-29T23:32:09.000', 'Colline Stuckey', '(884)171-9444', 'S82091H', 'M8784', '(620)672-5467', 'cstuckeyv@salon.com', 1, 1, '2016-11-16T02:11:54.000', 3, '2017-07-23T21:46:39.000'),
(4, 'Stangroomv', 1, 'Valene', 'Stangroom', '2016-07-29T20:38:06.000', NULL, '1990-05-09T04:25:16.000', 'Valene Stangroom', '(688)148-1858', 'S27421D', 'S56407S', '(688)148-1858', 'vstangroomw@accuweather.com', 1, 4, '2016-04-19T08:15:55.000', 3, '2017-09-09T02:59:55.000'),
(3, 'Lillyd', 1, 'Delphine', 'Lilly', '2016-10-30T15:27:31.000', NULL, '1991-11-29T19:16:44.000', 'Delphine Lilly', '(620)672-5467', 'S52123C', 'S80849', '(644)672-9238', 'dlillyx@nih.gov', 4, 3, '2016-04-22T14:28:21.000', 4, '2017-04-05T22:03:41.000'),
(2, 'Benfordd', 1, 'Danella', 'Benford', '2018-11-27T16:16:27.000', NULL, '1991-07-17T19:17:51.000', 'Danella Benford', '(644)672-9238', 'S270', 'S61306D', '(620)672-5467', 'dbenfordy@weather.com', 4, 4, '2016-05-26T04:29:19.000', 4, '2018-03-02T05:31:07.000'),
(9, 'Hugues', 1, 'Nerita', 'Hugues', '2016-08-06T15:26:29.000', NULL, '1991-08-19T11:03:10.000', 'Nerita Hugues', '(620)672-5467', 'H44009', 'S60551', '(688)148-1858', 'nhuguesz@wunderground.com', 1, 4, '2016-07-13T18:28:59.000', 3, '2018-02-01T08:02:33.000'),
(5, 'Barrotth', 1, 'Hubert', 'Barrott', '2018-03-05T21:08:52.000', NULL, '1991-01-23T09:45:10.000', 'Hubert Barrott', '(688)148-1858', 'T81534S', 'S06352', '(620)672-5467', 'hbarrott10@baidu.com', 1, 3, '2016-07-06T00:48:52.000', 2, '2017-03-17T07:17:15.000'),
(4, 'Stoakleyw', 1, 'Willabella', 'Stoakley', '2019-02-04T03:22:11.000', NULL, '1990-12-01T01:05:45.000', 'Willabella Stoakley', '(884)171-9444', 'M84559D', 'S22078K', '(620)672-5467', 'wstoakley11@economist.com', 1, 1, '2016-05-20T00:03:27.000', 2, '2017-04-05T03:06:28.000'),
(7, 'Jerzycoc', 1, 'Colver', 'Jerzycowski', '2017-08-09T09:02:57.000', NULL, '1990-07-13T01:40:27.000', 'Colver Jerzycowski', '(644)672-9238', 'T22559', 'S92506G', '(688)148-1858', 'cjerzycowski12@constantcontact.com', 3, 1, '2017-03-04T22:32:19.000', 3, '2017-03-29T20:11:48.000'),
(1, 'Egaltona', 1, 'Addia', 'Egalton', '2016-07-21T07:19:31.000', NULL, '1991-06-04T06:24:54.000', 'Addia Egalton', '(688)148-1858', 'M89021', 'S92333G', '(884)171-9444', 'aegalton13@digg.com', 1, 4, '2016-05-01T10:52:43.000', 2, '2017-06-19T06:15:43.000'),
(8, 'Ollel', 1, 'Ly', 'Olle', '2018-01-15T06:06:32.000', NULL, '1991-10-25T00:32:23.000', 'Ly Olle', '(884)171-9444', 'V5950', 'T84296A', '(884)171-9444', 'lolle14@friendfeed.com', 3, 5, '2017-02-27T17:17:01.000', 5, '2017-12-23T05:29:21.000'),
(2, 'Towersm', 1, 'Mathe', 'Towers', '2016-04-09T03:13:19.000', NULL, '1991-12-09T09:33:29.000', 'Mathe Towers', '(620)672-5467', 'O1013', 'Q729', '(688)148-1858', 'mtowers15@nationalgeographic.com', 1, 4, '2016-07-16T10:10:56.000', 3, '2018-01-08T21:18:29.000'),
(3, 'Obingtons', 1, 'Stormi', 'Obington', '2018-10-26T07:07:55.000', NULL, '1991-12-13T02:32:32.000', 'Stormi Obington', '(620)672-5467', 'M4644', 'I69815', '(620)672-5467', 'sobington16@weibo.com', 2, 3, '2016-10-25T05:29:49.000', 3, '2017-07-27T09:47:52.000'),
(6, 'Caughenj', 1, 'Jeanne', 'Mc Caughen', '2016-05-17T23:42:56.000', NULL, '1990-06-18T06:06:47.000', 'Jeanne Mc Caughen', '(884)171-9444', 'M00251', 'S56106', '(884)171-9444', 'jmc17@about.com', 2, 2, '2016-09-24T04:27:31.000', 4, '2017-04-24T02:45:25.000'),
(1, 'Joddinsw', 1, 'Winny', 'Joddins', '2018-11-17T02:04:24.000', NULL, '1991-04-29T12:41:55.000', 'Winny Joddins', '(644)672-9238', 'S02670S', 'S82124', '(644)672-9238', 'wjoddins18@flickr.com', 4, 2, '2016-05-06T07:41:53.000', 1, '2017-04-23T00:00:03.000'),
(4, 'Ashtonhd', 1, 'Devlen', 'Ashtonhurst', '2017-11-09T23:36:55.000', NULL, '1990-07-18T23:04:15.000', 'Devlen Ashtonhurst', '(620)672-5467', 'N99530', 'S62184D', '(644)672-9238', 'dashtonhurst19@patch.com', 5, 5, '2016-11-05T17:16:53.000', 3, '2018-01-25T02:39:19.000'),
(5, 'Beamando', 1, 'Olly', 'Beamand', '2018-11-19T12:18:11.000', NULL, '1990-09-04T02:58:39.000', 'Olly Beamand', '(688)148-1858', 'S21209D', 'T425', '(884)171-9444', 'obeamand1a@springer.com', 1, 1, '2016-12-19T21:58:35.000', 5, '2017-03-13T12:12:03.000'),
(10, 'Wikeyr', 1, 'Reggis', 'Wikey', '2016-12-02T12:46:13.000', NULL, '1991-02-13T16:46:48.000', 'Reggis Wikey', '(644)672-9238', 'Q5322', 'S96801D', '(884)171-9444', 'rwikey1b@ihg.com', 1, 3, '2016-03-29T19:01:26.000', 5, '2018-02-12T10:50:54.000'),
(3, 'Gunstond', 1, 'Dinnie', 'Gunston', '2018-12-12T17:42:29.000', NULL, '1991-03-11T04:58:13.000', 'Dinnie Gunston', '(620)672-5467', 'M84361P', 'H748X2', '(688)148-1858', 'dgunston1c@buzzfeed.com', 5, 3, '2017-02-01T07:02:10.000', 4, '2017-03-13T04:36:53.000'),
(4, 'Hryceki', 1, 'Inessa', 'Hrycek', '2018-12-03T17:14:12.000', NULL, '1991-10-15T03:15:36.000', 'Inessa Hrycek', '(620)672-5467', 'S99031S', 'S32466K', '(620)672-5467', 'ihrycek1d@cbslocal.com', 1, 1, '2016-10-25T05:52:52.000', 1, '2018-02-11T05:01:18.000'),
(5, 'Garfaths', 1, 'Shelby', 'Garfath', '2017-02-21T07:36:47.000', NULL, '1991-04-21T22:53:38.000', 'Shelby Garfath', '(644)672-9238', 'S82015J', 'T2142XD', '(884)171-9444', 'sgarfath1e@bigcartel.com', 2, 5, '2016-07-22T01:12:26.000', 3, '2018-02-26T18:53:08.000'),
(6, 'Galvint', 1, 'Tabby', 'Galvin', '2016-10-31T21:33:36.000', NULL, '1990-03-17T06:14:59.000', 'Tabby Galvin', '(884)171-9444', 'S92221P', 'S92909', '(688)148-1858', 'tgalvin1f@simplemachines.org', 3, 4, '2016-09-26T21:02:38.000', 4, '2017-07-16T22:02:20.000'),
(3, 'Ortese', 1, 'Eveline', 'Ortes', '2019-02-12T18:12:07.000', NULL, '1990-11-26T01:52:11.000', 'Eveline Ortes', '(884)171-9444', 'S92011S', 'Y92253', '(644)672-9238', 'eortes1g@diigo.com', 4, 4, '2016-11-21T13:11:56.000', 3, '2017-10-29T05:41:08.000'),
(5, 'Drinkallc', 1, 'Caria', 'Drinkall', '2016-12-05T05:10:09.000', NULL, '1990-09-18T20:45:59.000', 'Caria Drinkall', '(644)672-9238', 'S82111J', 'V582XXS', '(620)672-5467', 'cdrinkall1h@wisc.edu', 4, 2, '2016-03-24T18:03:41.000', 3, '2017-04-26T00:02:38.000'),
(9, 'Salerym', 1, 'Maria', 'Salery', '2017-04-28T06:13:57.000', NULL, '1990-08-16T06:02:49.000', 'Maria Salery', '(884)171-9444', 'O43191', 'J4541', '(620)672-5467', 'msalery1i@wix.com', 5, 2, '2017-02-16T11:10:49.000', 5, '2017-04-17T05:46:11.000'),
(6, 'Zwickeru', 1, 'Ulrike', 'Zwicker', '2017-07-07T00:20:27.000', NULL, '1990-11-05T20:28:35.000', 'Ulrike Zwicker', '(644)672-9238', 'S92141G', 'S8491', '(688)148-1858', 'uzwicker1j@spotify.com', 1, 1, '2016-03-31T07:27:22.000', 2, '2017-03-31T04:02:14.000'),
(1, 'Maciasa', 1, 'Adriaens', 'Maciaszczyk', '2017-02-27T04:27:25.000', NULL, '1991-07-18T09:42:51.000', 'Adriaens Maciaszczyk', '(644)672-9238', 'M8438XD', 'T467X1D', '(620)672-5467', 'amaciaszczyk1k@prnewswire.com', 4, 5, '2016-12-10T16:33:06.000', 2, '2017-05-19T06:21:28.000'),
(8, 'Yellowlear', 1, 'Rabi', 'Yellowlea', '2017-10-07T00:39:39.000', NULL, '1990-07-29T00:44:22.000', 'Rabi Yellowlea', '(644)672-9238', 'E1164', 'T23341', '(688)148-1858', 'ryellowlea1l@surveymonkey.com', 2, 5, '2017-02-18T19:24:16.000', 2, '2017-05-05T04:45:19.000'),
(4, 'Searss', 1, 'Lock', 'Sears', '2016-10-01T11:08:34.000', NULL, '1990-09-04T16:10:32.000', 'Lock Sears', '(688)148-1858', 'S75811D', 'T22249S', '(884)171-9444', 'lsears1m@dmoz.org', 1, 2, '2016-12-17T11:03:11.000', 3, '2017-10-15T10:27:36.000'),
(5, 'Stuckfordr', 1, 'Rockwell', 'Stuckford', '2018-12-08T17:22:46.000', NULL, '1991-10-02T23:15:46.000', 'Rockwell Stuckford', '(644)672-9238', 'W16821A', 'R920', '(884)171-9444', 'rstuckford1n@ihg.com', 3, 5, '2016-09-25T21:07:06.000', 2, '2018-01-25T02:32:44.000'),
(8, 'Layborne', 1, 'Erasmus', 'Layborn', '2018-12-10T11:01:32.000', NULL, '1992-01-29T08:58:23.000', 'Erasmus Laybor', '(884)171-9444', 'S42154D', 'O611', '(688)148-1858', 'elayborn1o@plala.or.jp', 1, 4, '2016-10-21T03:15:42.000', 5, '2017-08-04T11:00:51.000'),
(8, 'Stanlockt', 1, 'Tybie', 'Stanlock', '2016-09-04T09:03:32.000', NULL, '1991-07-27T04:21:47.000', 'Tybie Stanlock', '(644)672-9238', 'O29291', 'S52531A', '(644)672-9238', 'tstanlock1p@unicef.org', 2, 1, '2016-07-29T19:13:51.000', 2, '2018-02-06T03:04:27.000'),
(4, 'Fennessyc', 1, 'Chance', 'Fennessy', '2017-04-30T10:57:04.000', NULL, '1991-07-04T22:03:42.000', 'Chance Fennessy', '(884)171-9444', 'H16112', 'T603X4', '(644)672-9238', 'cfennessy1q@vk.com', 1, 1, '2016-12-31T15:28:02.000', 5, '2017-12-08T07:40:09.000'),
(2, 'Beaumontd', 1, 'Dorie', 'Beaumont', '2016-11-22T16:11:16.000', NULL, '1990-11-05T16:27:32.000', 'Dorie Beaumont', '(688)148-1858', 'T43225S', 'K1239', '(688)148-1858', 'dbeaumont1r@princeton.edu', 3, 2, '2016-06-10T13:55:05.000', 4, '2017-08-28T03:57:03.000'),
(6, 'Wearef', 1, 'Fin', 'Weare', '2018-04-02T15:05:56.000', NULL, '1991-09-24T03:29:20.000', 'Finn Weare', '(884)171-9444', 'V1929XD', 'M85431', '(688)148-1858', 'fweare1s@yellowbook.com', 5, 2, '2016-06-08T01:48:57.000', 1, '2017-05-30T13:10:44.000'),
(1, 'Knyvettb', 1, 'Bartie', 'Knyvett', '2019-03-04T02:41:38.000', NULL, '1991-07-31T00:27:38.000', 'Bartie Knyvett', '(688)148-1858', 'S90411', 'S42101G', '(884)171-9444', 'bknyvett1t@wikimedia.org', 3, 1, '2016-10-05T04:56:36.000', 5, '2017-09-13T20:07:18.000'),
(4, 'Colwellc', 1, 'Chloris', 'Colwell', '2017-02-07T19:53:52.000', NULL, '1991-01-24T07:19:04.000', 'Chloris Colwell', '(620)672-5467', 'M84633S', 'S30817D', '(884)171-9444', 'ccolwell1u@go.com', 3, 4, '2016-03-07T22:47:56.000', 3, '2018-01-10T16:57:41.000'),
(7, 'Carolis', 1, 'Sonnnie', 'Caroli', '2016-10-19T00:54:57.000', NULL, '1991-11-14T06:50:35.000', 'Sonnnie Caroli', '(620)672-5467', 'V0299', 'T63062A', '(620)672-5467', 'scaroli1v@blogger.com', 1, 1, '2016-05-02T14:03:15.000', 1, '2017-10-20T18:47:48.000'),
(8, 'Avramowj', 1, 'Jacky', 'Avramow', '2017-05-03T16:02:42.000', NULL, '1991-04-07T13:57:05.000', 'Jacky Avramow', '(644)672-9238', 'S3282XK', 'M4982', '(620)672-5467', 'javramow1w@cnet.com', 4, 1, '2017-01-19T05:16:24.000', 4, '2018-02-22T19:38:13.000'),
(9, 'Astona', 1, 'Agnes', 'Aston', '2018-06-27T13:01:14.000', NULL, '1991-10-26T17:21:19.000', 'Agnes Aston', '(620)672-5467', 'T22561S', 'S56424', '(644)672-9238', 'aaston1x@sbwire.com', 1, 4, '2016-07-11T08:37:19.000', 4, '2017-08-13T00:12:22.000'),
(7, 'Quened', 1, 'Diarmid', 'Quene', '2018-02-26T21:31:14.000', NULL, '1990-03-05T01:30:48.000', 'Diarmid Quene', '(620)672-5467', 'E133522', 'S63221S', '(644)672-9238', 'dquene1y@paypal.com', 5, 1, '2016-07-13T14:38:13.000', 1, '2018-01-10T03:59:14.000'),
(3, 'Stollards', 1, 'Shina', 'Stollard', '2017-07-17T02:51:45.000', NULL, '1990-07-31T19:51:35.000', 'Shina Stollard', '(884)171-9444', 'T43612', 'S648X2', '(644)672-9238', 'sstollard1z@ow.ly', 3, 4, '2017-01-16T19:55:57.000', 2, '2017-10-24T16:55:35.000'),
(8, 'Worts', 1, 'Neils', 'Worts', '2018-08-31T00:00:14.000', NULL, '1991-07-16T03:10:20.000', 'Neils Worts', '(644)672-9238', 'M84446A', 'M1281', '(644)672-9238', 'nworts20@unicef.org', 1, 4, '2016-10-04T15:31:31.000', 2, '2018-03-04T17:21:03.000'),
(4, 'Pinkiea', 1, 'Abbe', 'Pinkie', '2018-03-10T19:52:50.000', NULL, '1991-09-25T09:28:22.000', 'Abbe Pinkie', '(620)672-5467', 'S52181H', 'F328', '(688)148-1858', 'apinkie21@4shared.com', 3, 1, '2017-01-10T02:19:52.000', 3, '2017-10-04T05:46:03.000'),
(9, 'Vanveldeg', 1, 'Georgena', 'Van Velde', '2018-02-13T07:34:10.000', NULL, '1991-09-09T18:22:39.000', 'Georgena Van Velde', '(884)171-9444', 'S43003A', 'O43899', '(644)672-9238', 'gvan22@latimes.com', 3, 3, '2016-08-03T01:35:13.000', 2, '2017-08-13T06:21:42.000'),
(1, 'McGheer', 1, 'Rhett', 'McGhee', '2016-05-19T17:39:55.000', NULL, '1991-09-30T13:56:03.000', 'Rhett McGhee', '(884)171-9444', 'H833X', 'M21152', '(644)672-9238', 'rmcghee23@etsy.com', 1, 1, '2016-03-09T03:20:47.000', 2, '2017-11-29T21:28:22.000'),
(5, 'Prickettt', 1, 'Tybi', 'Prickett', '2018-07-06T11:54:25.000', NULL, '1990-08-11T10:44:51.000', 'Tybi Prickett', '(884)171-9444', 'H35041', 'S31813D', '(644)672-9238', 'tprickett24@nifty.com', 1, 2, '2016-03-21T08:34:58.000', 2, '2017-10-21T01:58:00.000'),
(10, 'Roydenb', 1, 'Bernice', 'Royden', '2018-04-02T04:05:09.000', NULL, '1990-11-01T21:57:08.000', 'Bernice Royden', '(620)672-5467', 'V213XXS', 'V261XXA', '(644)672-9238', 'broyden25@dedecms.com', 1, 4, '2016-11-27T08:15:02.000', 1, '2017-06-24T05:37:48.000'),
(6, 'Duthiem', 1, 'Misti', 'Duthie', '2017-06-18T13:41:19.000', NULL, '1990-03-14T09:05:43.000', 'Misti Duthie', '(620)672-5467', 'T2040XA', 'S43221A', '(688)148-1858', 'mduthie26@rakuten.co.jp', 1, 5, '2017-01-22T22:41:30.000', 2, '2017-07-24T22:33:47.000'),
(10, 'Standonv', 1, 'Vassily', 'Standon', '2016-08-23T04:28:49.000', NULL, '1991-12-16T17:10:36.000', 'Vassily Stando', '(620)672-5467', 'T5793', 'Y3639', '(884)171-9444', 'vstandon27@dagondesign.com', 5, 5, '2016-09-28T04:03:02.000', 5, '2017-12-19T19:22:38.000');


INSERT INTO [TB_TACO_TeamMember] ([TeamId], [EmployeeId], [StartDate], [EndDate], [CreatedBy], [CreatedOn], [ModifiedBy], [ModifiedOn]) 
VALUES (8, 70, '2018-03-05T21:23:08.000', '2020-01-29T11:33:13.000', 4, '2017-10-24T01:05:23.000', 5, '2018-02-15T13:48:28.000'),
(15, 27, '2017-06-01T08:42:16.000', '2019-08-02T00:09:14.000', 2, '2017-09-03T10:13:03.000', 3, '2018-03-05T03:17:40.000'),
(17, 26, '2017-05-12T17:41:25.000', '2019-03-03T10:46:41.000', 1, '2017-11-26T17:46:26.000', 1, '2018-02-20T02:16:03.000'),
(15, 52, '2018-02-18T05:10:57.000', '2019-04-12T23:26:16.000', 5, '2017-06-21T02:06:18.000', 4, '2018-01-21T00:03:44.000'),
(2, 23, '2017-11-01T23:44:36.000', '2019-11-14T13:34:44.000', 4, '2017-08-27T05:27:33.000', 2, '2018-01-25T10:19:08.000'),
(2, 12, '2017-09-15T22:51:47.000', '2020-03-23T01:27:21.000', 4, '2017-12-20T16:59:35.000', 2, '2018-01-31T15:54:39.000'),
(5, 41, '2017-11-06T05:31:40.000', '2022-02-24T18:05:44.000', 5, '2017-05-31T00:33:02.000', 4, '2018-02-23T06:56:01.000'),
(2, 9, '2017-05-19T19:34:47.000', '2020-01-13T17:06:47.000', 1, '2017-10-17T00:10:39.000', 2, '2018-02-15T08:54:22.000'),
(14, 78, '2018-01-19T11:17:13.000', '2022-02-16T14:27:10.000', 5, '2017-05-17T01:26:00.000', 5, '2018-02-27T12:02:00.000'),
(2, 54, '2017-09-13T21:38:02.000', '2019-10-10T05:29:49.000', 1, '2017-03-12T02:27:45.000', 2, '2018-01-06T12:22:31.000'),
(2, 40, '2017-11-06T14:18:31.000', '2020-02-27T23:52:37.000', 4, '2017-07-09T08:38:46.000', 3, '2018-02-10T06:27:13.000'),
(9, 43, '2017-04-12T16:56:35.000', '2019-12-29T16:48:25.000', 3, '2018-01-15T23:50:48.000', 1, '2018-01-12T22:37:26.000'),
(9, 74, '2017-03-22T15:40:46.000', '2019-05-19T14:25:04.000', 4, '2017-07-04T14:33:08.000', 1, '2018-01-17T02:54:37.000'),
(11, 52, '2017-11-02T03:30:02.000', '2019-03-20T00:23:55.000', 1, '2017-06-02T06:31:01.000', 1, '2018-02-20T15:33:44.000'),
(11, 50, '2018-02-19T13:02:38.000', '2019-06-26T05:41:23.000', 2, '2017-05-31T14:01:37.000', 3, '2018-02-01T03:38:33.000'),
(11, 1, '2018-02-19T13:02:38.000', '2019-06-26T05:41:23.000', 2, '2017-05-31T14:01:37.000', 3, '2018-02-01T03:38:33.000'),
(14, 2, '2018-02-19T13:02:38.000', '2019-06-26T05:41:23.000', 2, '2017-05-31T14:01:37.000', 3, '2018-02-01T03:38:33.000'),
(15, 3, '2018-02-19T13:02:38.000', '2019-06-26T05:41:23.000', 2, '2017-05-31T14:01:37.000', 3, '2018-02-01T03:38:33.000'),
(16, 4, '2018-02-19T13:02:38.000', '2019-06-26T05:41:23.000', 2, '2017-05-31T14:01:37.000', 3, '2018-02-01T03:38:33.000'),
(17, 5, '2018-02-19T13:02:38.000', '2019-06-26T05:41:23.000', 2, '2017-05-31T14:01:37.000', 3, '2018-02-01T03:38:33.000'),
(18, 6, '2018-02-19T13:02:38.000', '2019-06-26T05:41:23.000', 2, '2017-05-31T14:01:37.000', 3, '2018-02-01T03:38:33.000'),
(1, 7, '2018-02-19T13:02:38.000', '2019-06-26T05:41:23.000', 2, '2017-05-31T14:01:37.000', 3, '2018-02-01T03:38:33.000'),
(2, 8, '2018-02-19T13:02:38.000', '2019-06-26T05:41:23.000', 2, '2017-05-31T14:01:37.000', 3, '2018-02-01T03:38:33.000'),
(9, 10, '2018-02-19T13:02:38.000', '2019-06-26T05:41:23.000', 2, '2017-05-31T14:01:37.000', 3, '2018-02-01T03:38:33.000'),
(11, 11, '2018-02-19T13:02:38.000', '2019-06-26T05:41:23.000', 2, '2017-05-31T14:01:37.000', 3, '2018-02-01T03:38:33.000'),
(8, 13, '2018-02-19T13:02:38.000', '2019-06-26T05:41:23.000', 2, '2017-05-31T14:01:37.000', 3, '2018-02-01T03:38:33.000'),
(11, 14, '2018-02-19T13:02:38.000', '2019-06-26T05:41:23.000', 2, '2017-05-31T14:01:37.000', 3, '2018-02-01T03:38:33.000'),
(11, 15, '2018-02-19T13:02:38.000', '2019-06-26T05:41:23.000', 2, '2017-05-31T14:01:37.000', 3, '2018-02-01T03:38:33.000'),
(20, 16, '2018-02-19T13:02:38.000', '2019-06-26T05:41:23.000', 2, '2017-05-31T14:01:37.000', 3, '2018-02-01T03:38:33.000'),
(11, 17, '2018-02-19T13:02:38.000', '2019-06-26T05:41:23.000', 2, '2017-05-31T14:01:37.000', 3, '2018-02-01T03:38:33.000'),
(4, 18, '2018-02-19T13:02:38.000', '2019-06-26T05:41:23.000', 2, '2017-05-31T14:01:37.000', 3, '2018-02-01T03:38:33.000'),
(11, 19, '2018-02-19T13:02:38.000', '2019-06-26T05:41:23.000', 2, '2017-05-31T14:01:37.000', 3, '2018-02-01T03:38:33.000'),
(11, 20, '2018-02-19T13:02:38.000', '2019-06-26T05:41:23.000', 2, '2017-05-31T14:01:37.000', 3, '2018-02-01T03:38:33.000'),
(10, 21, '2018-02-19T13:02:38.000', '2019-06-26T05:41:23.000', 2, '2017-05-31T14:01:37.000', 3, '2018-02-01T03:38:33.000'),
(11, 22, '2018-02-19T13:02:38.000', '2019-06-26T05:41:23.000', 2, '2017-05-31T14:01:37.000', 3, '2018-02-01T03:38:33.000'),
(15, 24, '2018-02-19T13:02:38.000', '2019-06-26T05:41:23.000', 2, '2017-05-31T14:01:37.000', 3, '2018-02-01T03:38:33.000'),
(11, 25, '2018-02-19T13:02:38.000', '2019-06-26T05:41:23.000', 2, '2017-05-31T14:01:37.000', 3, '2018-02-01T03:38:33.000'),
(8, 28, '2018-02-19T13:02:38.000', '2019-06-26T05:41:23.000', 2, '2017-05-31T14:01:37.000', 3, '2018-02-01T03:38:33.000'),
(11, 29, '2018-02-19T13:02:38.000', '2019-06-26T05:41:23.000', 2, '2017-05-31T14:01:37.000', 3, '2018-02-01T03:38:33.000'),
(16, 30, '2018-02-19T13:02:38.000', '2019-06-26T05:41:23.000', 2, '2017-05-31T14:01:37.000', 3, '2018-02-01T03:38:33.000'),
(6, 31, '2018-02-19T13:02:38.000', '2019-06-26T05:41:23.000', 2, '2017-05-31T14:01:37.000', 3, '2018-02-01T03:38:33.000'),
(11, 32, '2018-02-19T13:02:38.000', '2019-06-26T05:41:23.000', 2, '2017-05-31T14:01:37.000', 3, '2018-02-01T03:38:33.000'),
(11, 33, '2018-02-19T13:02:38.000', '2019-06-26T05:41:23.000', 2, '2017-05-31T14:01:37.000', 3, '2018-02-01T03:38:33.000'),
(9, 34, '2018-02-19T13:02:38.000', '2019-06-26T05:41:23.000', 2, '2017-05-31T14:01:37.000', 3, '2018-02-01T03:38:33.000'),
(11, 35, '2018-02-19T13:02:38.000', '2019-06-26T05:41:23.000', 2, '2017-05-31T14:01:37.000', 3, '2018-02-01T03:38:33.000'),
(11, 36, '2018-02-19T13:02:38.000', '2019-06-26T05:41:23.000', 2, '2017-05-31T14:01:37.000', 3, '2018-02-01T03:38:33.000'),
(1, 37, '2018-02-19T13:02:38.000', '2019-06-26T05:41:23.000', 2, '2017-05-31T14:01:37.000', 3, '2018-02-01T03:38:33.000'),
(11, 38, '2018-02-19T13:02:38.000', '2019-06-26T05:41:23.000', 2, '2017-05-31T14:01:37.000', 3, '2018-02-01T03:38:33.000'),
(11, 39, '2018-02-19T13:02:38.000', '2019-06-26T05:41:23.000', 2, '2017-05-31T14:01:37.000', 3, '2018-02-01T03:38:33.000'),
(4, 42, '2018-02-19T13:02:38.000', '2019-06-26T05:41:23.000', 2, '2017-05-31T14:01:37.000', 3, '2018-02-01T03:38:33.000'),
(7, 44, '2018-02-19T13:02:38.000', '2019-06-26T05:41:23.000', 2, '2017-05-31T14:01:37.000', 3, '2018-02-01T03:38:33.000'),
(11, 45, '2018-02-19T13:02:38.000', '2019-06-26T05:41:23.000', 2, '2017-05-31T14:01:37.000', 3, '2018-02-01T03:38:33.000'),
(1, 46, '2018-02-19T13:02:38.000', '2019-06-26T05:41:23.000', 2, '2017-05-31T14:01:37.000', 3, '2018-02-01T03:38:33.000'),
(11, 47, '2018-02-19T13:02:38.000', '2019-06-26T05:41:23.000', 2, '2017-05-31T14:01:37.000', 3, '2018-02-01T03:38:33.000'),
(18, 48, '2018-02-19T13:02:38.000', '2019-06-26T05:41:23.000', 2, '2017-05-31T14:01:37.000', 3, '2018-02-01T03:38:33.000'),
(11, 49, '2018-02-19T13:02:38.000', '2019-06-26T05:41:23.000', 2, '2017-05-31T14:01:37.000', 3, '2018-02-01T03:38:33.000'),
(11, 51, '2018-02-19T13:02:38.000', '2019-06-26T05:41:23.000', 2, '2017-05-31T14:01:37.000', 3, '2018-02-01T03:38:33.000'),
(19, 53, '2018-02-19T13:02:38.000', '2019-06-26T05:41:23.000', 2, '2017-05-31T14:01:37.000', 3, '2018-02-01T03:38:33.000'),
(14, 55, '2018-02-19T13:02:38.000', '2019-06-26T05:41:23.000', 2, '2017-05-31T14:01:37.000', 3, '2018-02-01T03:38:33.000'),
(11, 56, '2018-02-19T13:02:38.000', '2019-06-26T05:41:23.000', 2, '2017-05-31T14:01:37.000', 3, '2018-02-01T03:38:33.000'),
(13, 57, '2018-02-19T13:02:38.000', '2019-06-26T05:41:23.000', 2, '2017-05-31T14:01:37.000', 3, '2018-02-01T03:38:33.000'),
(11, 58, '2018-02-19T13:02:38.000', '2019-06-26T05:41:23.000', 2, '2017-05-31T14:01:37.000', 3, '2018-02-01T03:38:33.000'),
(12, 59, '2018-02-19T13:02:38.000', '2019-06-26T05:41:23.000', 2, '2017-05-31T14:01:37.000', 3, '2018-02-01T03:38:33.000'),
(11, 60, '2018-02-19T13:02:38.000', '2019-06-26T05:41:23.000', 2, '2017-05-31T14:01:37.000', 3, '2018-02-01T03:38:33.000'),
(19, 61, '2018-02-19T13:02:38.000', '2019-06-26T05:41:23.000', 2, '2017-05-31T14:01:37.000', 3, '2018-02-01T03:38:33.000'),
(16, 62, '2018-02-19T13:02:38.000', '2019-06-26T05:41:23.000', 2, '2017-05-31T14:01:37.000', 3, '2018-02-01T03:38:33.000'),
(12, 63, '2018-02-19T13:02:38.000', '2019-06-26T05:41:23.000', 2, '2017-05-31T14:01:37.000', 3, '2018-02-01T03:38:33.000'),
(11, 64, '2018-02-19T13:02:38.000', '2019-06-26T05:41:23.000', 2, '2017-05-31T14:01:37.000', 3, '2018-02-01T03:38:33.000'),
(4, 65, '2018-02-19T13:02:38.000', '2019-06-26T05:41:23.000', 2, '2017-05-31T14:01:37.000', 3, '2018-02-01T03:38:33.000'),
(10, 66, '2018-02-19T13:02:38.000', '2019-06-26T05:41:23.000', 2, '2017-05-31T14:01:37.000', 3, '2018-02-01T03:38:33.000'),
(19, 67, '2018-02-19T13:02:38.000', '2019-06-26T05:41:23.000', 2, '2017-05-31T14:01:37.000', 3, '2018-02-01T03:38:33.000'),
(20, 68, '2018-02-19T13:02:38.000', '2019-06-26T05:41:23.000', 2, '2017-05-31T14:01:37.000', 3, '2018-02-01T03:38:33.000'),
(18, 69, '2018-02-19T13:02:38.000', '2019-06-26T05:41:23.000', 2, '2017-05-31T14:01:37.000', 3, '2018-02-01T03:38:33.000'),
(20, 71, '2018-02-19T13:02:38.000', '2019-06-26T05:41:23.000', 2, '2017-05-31T14:01:37.000', 3, '2018-02-01T03:38:33.000'),
(14, 72, '2018-02-19T13:02:38.000', '2019-06-26T05:41:23.000', 2, '2017-05-31T14:01:37.000', 3, '2018-02-01T03:38:33.000'),
(19, 73, '2018-02-19T13:02:38.000', '2019-06-26T05:41:23.000', 2, '2017-05-31T14:01:37.000', 3, '2018-02-01T03:38:33.000'),
(15, 75, '2018-02-19T13:02:38.000', '2019-06-26T05:41:23.000', 2, '2017-05-31T14:01:37.000', 3, '2018-02-01T03:38:33.000'),
(8, 76, '2018-02-19T13:02:38.000', '2019-06-26T05:41:23.000', 2, '2017-05-31T14:01:37.000', 3, '2018-02-01T03:38:33.000'),
(1, 77, '2018-02-19T13:02:38.000', '2019-06-26T05:41:23.000', 2, '2017-05-31T14:01:37.000', 3, '2018-02-01T03:38:33.000'),
(2, 79, '2018-02-19T13:02:38.000', '2019-06-26T05:41:23.000', 2, '2017-05-31T14:01:37.000', 3, '2018-02-01T03:38:33.000'),
(9, 80, '2018-02-19T13:02:38.000', '2019-06-26T05:41:23.000', 2, '2017-05-31T14:01:37.000', 3, '2018-02-01T03:38:33.000');


INSERT INTO [TB_TACO_Timesheet] ([EmployeeId], [StartDate], [EndDate]) 
VALUES (2, '2018-03-04T16:30:52.000', '2018-03-08T03:54:37.000'),
(3, '2018-03-04T06:03:38.000', '2018-03-08T16:19:37.000'),
(4, '2018-03-04T12:35:51.000', '2018-03-09T04:49:05.000'),
(5, '2018-03-04T13:43:05.000', '2018-03-08T22:30:22.000'),
(6, '2018-03-04T16:41:19.000', '2018-03-08T11:14:57.000'),
(7, '2018-03-04T12:02:57.000', '2018-03-08T20:36:10.000'),
(8, '2018-03-04T06:40:00.000', '2018-03-08T15:02:34.000'),
(9, '2018-03-05T09:50:30.000', '2018-03-09T03:05:50.000'),
(10, '2018-03-05T10:49:08.000', '2018-03-08T09:40:21.000'),
(11, '2018-03-04T04:28:14.000', '2018-03-09T00:22:36.000'),
(12, '2018-03-04T21:48:43.000', '2018-03-08T21:27:32.000'),
(13, '2018-03-05T02:30:23.000', '2018-03-08T06:03:35.000'),
(14, '2018-03-05T15:26:12.000', '2018-03-09T14:49:46.000'),
(15, '2018-03-04T17:52:51.000', '2018-03-09T10:56:57.000'),
(16, '2018-03-05T07:23:29.000', '2018-03-09T07:14:18.000'),
(17, '2018-03-05T09:10:30.000', '2018-03-08T00:16:43.000'),
(18, '2018-03-05T15:05:51.000', '2018-03-08T01:21:27.000'),
(19, '2018-03-05T13:09:46.000', '2018-03-08T21:22:16.000'),
(20, '2018-03-05T09:55:06.000', '2018-03-09T14:58:22.000'),
(21, '2018-03-05T13:40:35.000', '2018-03-08T22:07:20.000'),
(22, '2018-03-05T10:11:31.000', '2018-03-08T05:29:20.000'),
(23, '2018-03-04T08:00:46.000', '2018-03-09T05:02:36.000'),
(24, '2018-03-05T20:59:20.000', '2018-03-08T04:12:12.000'),
(25, '2018-03-04T23:19:30.000', '2018-03-08T03:09:57.000'),
(26, '2018-03-05T22:44:26.000', '2018-03-09T05:24:15.000'),
(27, '2018-03-04T19:14:46.000', '2018-03-08T02:15:31.000'),
(28, '2018-03-04T15:06:31.000', '2018-03-09T10:23:05.000'),
(29, '2018-03-05T05:05:22.000', '2018-03-08T17:53:05.000'),
(30, '2018-03-05T22:44:12.000', '2018-03-09T12:53:26.000'),
(31, '2018-03-05T06:09:03.000', '2018-03-08T03:12:58.000'),
(32, '2018-03-05T21:09:04.000', '2018-03-08T02:02:37.000'),
(33, '2018-03-04T07:17:17.000', '2018-03-09T01:44:48.000'),
(34, '2018-03-05T01:51:10.000', '2018-03-08T00:09:50.000'),
(35, '2018-03-05T07:28:37.000', '2018-03-09T19:05:38.000'),
(36, '2018-03-05T17:49:55.000', '2018-03-08T23:59:30.000'),
(37, '2018-03-04T19:01:27.000', '2018-03-08T08:05:53.000'),
(38, '2018-03-05T14:23:27.000', '2018-03-08T15:18:43.000'),
(39, '2018-03-04T15:34:59.000', '2018-03-09T15:49:08.000'),
(40, '2018-03-04T02:39:00.000', '2018-03-09T17:09:54.000'),
(41, '2018-03-04T19:12:19.000', '2018-03-09T20:54:56.000'),
(42, '2018-03-04T20:27:16.000', '2018-03-09T01:14:46.000'),
(43, '2018-03-05T10:05:31.000', '2018-03-08T16:23:39.000'),
(44, '2018-03-04T14:54:01.000', '2018-03-09T14:41:44.000'),
(45, '2018-03-04T14:36:02.000', '2018-03-09T08:38:05.000'),
(46, '2018-03-05T02:48:13.000', '2018-03-09T19:35:06.000'),
(47, '2018-03-04T00:40:43.000', '2018-03-08T02:44:23.000'),
(48, '2018-03-05T03:31:21.000', '2018-03-08T20:35:46.000'),
(49, '2018-03-04T04:58:00.000', '2018-03-09T00:28:42.000'),
(50, '2018-03-05T23:29:38.000', '2018-03-09T13:29:44.000'),
(1, '2018-03-05T06:48:16.000', '2018-03-09T03:23:15.000'),
(51, '2018-03-05T23:29:38.000', '2018-03-09T13:29:44.000'),
(52, '2018-03-05T23:29:38.000', '2018-03-09T13:29:44.000'),
(53, '2018-03-05T23:29:38.000', '2018-03-09T13:29:44.000'),
(54, '2018-03-05T23:29:38.000', '2018-03-09T13:29:44.000'),
(55, '2018-03-05T23:29:38.000', '2018-03-09T13:29:44.000'),
(56, '2018-03-05T23:29:38.000', '2018-03-09T13:29:44.000'),
(57, '2018-03-05T23:29:38.000', '2018-03-09T13:29:44.000'),
(58, '2018-03-05T23:29:38.000', '2018-03-09T13:29:44.000'),
(59, '2018-03-05T23:29:38.000', '2018-03-09T13:29:44.000'),
(60, '2018-03-05T23:29:38.000', '2018-03-09T13:29:44.000'),
(61, '2018-03-05T23:29:38.000', '2018-03-09T13:29:44.000'),
(62, '2018-03-05T23:29:38.000', '2018-03-09T13:29:44.000'),
(63, '2018-03-05T23:29:38.000', '2018-03-09T13:29:44.000'),
(64, '2018-03-05T23:29:38.000', '2018-03-09T13:29:44.000'),
(65, '2018-03-05T23:29:38.000', '2018-03-09T13:29:44.000'),
(66, '2018-03-05T23:29:38.000', '2018-03-09T13:29:44.000'),
(67, '2018-03-05T23:29:38.000', '2018-03-09T13:29:44.000'),
(68, '2018-03-05T23:29:38.000', '2018-03-09T13:29:44.000'),
(69, '2018-03-05T23:29:38.000', '2018-03-09T13:29:44.000'),
(70, '2018-03-05T23:29:38.000', '2018-03-09T13:29:44.000'),
(71, '2018-03-05T23:29:38.000', '2018-03-09T13:29:44.000'),
(72, '2018-03-05T23:29:38.000', '2018-03-09T13:29:44.000'),
(73, '2018-03-05T23:29:38.000', '2018-03-09T13:29:44.000'),
(74, '2018-03-05T23:29:38.000', '2018-03-09T13:29:44.000'),
(75, '2018-03-05T23:29:38.000', '2018-03-09T13:29:44.000'),
(76, '2018-03-05T23:29:38.000', '2018-03-09T13:29:44.000'),
(77, '2018-03-05T23:29:38.000', '2018-03-09T13:29:44.000'),
(78, '2018-03-05T23:29:38.000', '2018-03-09T13:29:44.000'),
(79, '2018-03-05T23:29:38.000', '2018-03-09T13:29:44.000'),
(80, '2018-03-05T23:29:38.000', '2018-03-09T13:29:44.000');

INSERT INTO [TB_TACO_TimesheetDetail] ([TimesheetId], [ProjectId], [AttendanceId], [OvertimeId], [HolidayId], [StartDateTime], [EndDateTime], [CreatedBy], [CreatedOn], [ModifiedBy], [ModifiedOn]) 
VALUES (1, 1, NULL, NULL, NULL, '2019-03-18T09:21:51.000', '2019-03-18T14:21:51.000', 1, '2018-03-02T06:37:30.000', 5, '2018-03-05T01:02:51.000'),
(1, 8, NULL, NULL, NULL,'2019-03-21T09:51:51.000', '2019-03-21T12:51:51.000', 5, '2018-03-01T00:37:52.000', 2, '2018-03-05T08:26:39.000'),
(1, 9, NULL, NULL, NULL,'2019-03-19T12:21:51.000', '2019-03-19T15:21:51.000', 1, '2018-03-01T14:37:00.000', 1, '2018-03-05T01:28:44.000'),
(1, 6, NULL, NULL, NULL,'2019-03-22T08:51:51.000', '2019-03-22T11:21:51.000', 5, '2018-03-01T12:53:12.000', 2, '2018-03-05T04:18:52.000'),
(14, 4, NULL, NULL, NULL,'2019-03-14T14:07:30.000', '2019-03-14T14:07:30.000', 1, '2018-03-02T13:11:42.000', 1, '2018-03-05T23:55:30.000'),
(32, 7, NULL, NULL, NULL,'2018-03-04T17:06:03.000', '2018-03-09T14:02:53.000', 1, '2018-03-02T15:48:12.000', 4, '2018-03-05T08:08:32.000'),
(20, 8, NULL, NULL, NULL,'2018-03-05T01:32:40.000', '2018-03-09T16:51:45.000', 2, '2018-03-01T20:30:30.000', 5, '2018-03-05T02:48:57.000'),
(38, 7, NULL, NULL, NULL,'2018-03-04T05:49:08.000', '2018-03-09T02:42:49.000', 4, '2018-03-01T06:13:51.000', 1, '2018-03-05T21:22:40.000'),
(31, 6, NULL, NULL, NULL,'2018-03-04T10:43:23.000', '2018-03-09T15:04:07.000', 5, '2018-03-02T06:08:27.000', 1, '2018-03-05T01:52:31.000'),
(7, 4, NULL, NULL, NULL,'2018-03-04T07:11:57.000', '2018-03-09T20:01:08.000', 4, '2018-03-02T23:44:21.000', 4, '2018-03-05T15:06:08.000'),
(22, 7, NULL, NULL, NULL,'2018-03-05T10:47:01.000', '2018-03-09T12:20:41.000', 4, '2018-03-02T00:09:06.000', 2, '2018-03-05T04:08:00.000'),
(42, 3, NULL, NULL, NULL,'2018-03-05T00:56:59.000', '2018-03-09T14:39:35.000', 3, '2018-03-02T11:24:22.000', 1, '2018-03-05T20:45:31.000'),
(46, 1, NULL, NULL, NULL,'2018-03-05T17:32:21.000', '2018-03-09T00:59:58.000', 1, '2018-03-01T19:34:05.000', 3, '2018-03-05T15:12:07.000'),
(10, 9, NULL, NULL, NULL,'2018-03-04T23:47:51.000', '2018-03-09T08:35:00.000', 1, '2018-03-02T04:22:49.000', 4, '2018-03-05T08:52:40.000'),
(12, 6, NULL, NULL, NULL,'2018-03-05T02:51:18.000', '2018-03-09T08:06:47.000', 2, '2018-03-01T16:26:24.000', 1, '2018-03-05T05:42:56.000'),
(25, 8, NULL, NULL, NULL,'2018-03-05T15:35:59.000', '2018-03-09T23:16:16.000', 1, '2018-03-01T14:27:26.000', 2, '2018-03-05T02:50:23.000'),
(13, 1, NULL, NULL, NULL,'2018-03-05T14:58:38.000', '2018-03-09T08:16:43.000', 2, '2018-03-01T21:47:42.000', 1, '2018-03-05T05:12:41.000'),
(5, 5, NULL, NULL, NULL,'2018-03-04T05:34:58.000', '2018-03-09T12:40:18.000', 4, '2018-03-02T21:50:53.000', 4, '2018-03-05T18:00:21.000'),
(11, 7, NULL, NULL, NULL,'2018-03-04T18:53:29.000', '2018-03-09T12:16:48.000', 4, '2018-03-01T04:18:04.000', 4, '2018-03-05T03:46:51.000'),
(11, 10, NULL, NULL, NULL,'2018-03-05T11:48:18.000', '2018-03-09T23:39:02.000', 5, '2018-03-02T21:34:28.000', 1, '2018-03-05T15:38:23.000'),
(1, 1, NULL, NULL, NULL,'2019-03-20T11:21:51.000', '2019-03-20T13:51:51.000', 1, '2018-03-01T07:23:47.000', 2, '2018-03-05T00:24:44.000'),
(13, NULL, 2, NULL, NULL,'2018-03-04T16:01:37.000', '2018-03-09T14:32:49.000', 2, '2018-03-02T11:53:12.000', 3, '2018-03-05T02:11:32.000'),
(41, NULL, 2, NULL, NULL,'2018-03-04T12:38:42.000', '2018-03-09T00:28:19.000', 3, '2018-03-02T14:54:02.000', 2, '2018-03-05T06:06:25.000'),
(25, NULL, 2, NULL, NULL,'2018-03-04T19:37:58.000', '2018-03-09T20:07:21.000', 1, '2018-03-02T09:22:12.000', 4, '2018-03-05T16:20:23.000'),
(27, NULL, 3, NULL, NULL,'2018-03-05T05:05:22.000', '2018-03-09T19:49:31.000', 3, '2018-03-01T21:41:49.000', 4, '2018-03-05T08:05:26.000'),
(31, NULL, 3, NULL, NULL,'2018-03-05T04:35:40.000', '2018-03-09T17:22:32.000', 3, '2018-03-01T08:57:10.000', 4, '2018-03-05T17:32:31.000'),
(6, NULL, 1, NULL, NULL,'2018-03-05T15:20:13.000', '2018-03-09T06:31:23.000', 3, '2018-03-02T09:37:51.000', 1, '2018-03-05T22:39:26.000'),
(12, NULL, 1, NULL, NULL,'2018-03-05T18:45:06.000', '2018-03-09T17:27:23.000', 1, '2018-03-01T22:00:29.000', 1, '2018-03-05T17:14:52.000'),
(28, NULL, 3, NULL, NULL,'2018-03-04T15:54:28.000', '2018-03-09T08:04:18.000', 2, '2018-03-01T19:50:52.000', 5, '2018-03-05T10:48:38.000'),
(40, NULL, 2, NULL, NULL,'2018-03-04T22:48:19.000', '2018-03-09T17:09:52.000', 4, '2018-03-01T13:33:50.000', 2, '2018-03-05T15:52:15.000'),
(47, NULL, 3, NULL, NULL,'2018-03-05T12:12:03.000', '2018-03-09T05:21:02.000', 2, '2018-03-02T18:20:42.000', 4, '2018-03-05T04:04:44.000'),
(15, NULL, 1, NULL, NULL,'2018-03-04T21:43:42.000', '2018-03-09T16:06:34.000', 2, '2018-03-02T08:06:12.000', 2, '2018-03-05T08:48:19.000'),
(20, NULL, 1, NULL, NULL,'2018-03-04T08:20:43.000', '2018-03-09T21:08:06.000', 2, '2018-03-01T02:11:34.000', 2, '2018-03-05T07:21:31.000'),
(9, NULL, 1, NULL, NULL,'2018-03-04T03:44:45.000', '2018-03-09T06:44:36.000', 2, '2018-03-01T20:20:44.000', 4, '2018-03-05T16:56:44.000'),
(27, NULL, 3, NULL, NULL,'2018-03-05T23:54:12.000', '2018-03-09T09:40:45.000', 4, '2018-03-02T22:14:23.000', 2, '2018-03-05T19:06:51.000'),
(15, NULL, 2, NULL, NULL,'2018-03-05T05:25:13.000', '2018-03-09T09:58:17.000', 5, '2018-03-02T14:11:26.000', 1, '2018-03-05T03:54:32.000'),
(33, NULL, 1, NULL, NULL,'2018-03-04T01:58:19.000', '2018-03-09T09:09:52.000', 5, '2018-03-01T22:23:51.000', 3, '2018-03-05T09:30:40.000'),
(18, NULL, 2, NULL, NULL,'2018-03-05T08:04:20.000', '2018-03-09T06:21:08.000', 3, '2018-03-01T02:24:42.000', 3, '2018-03-05T09:47:21.000'),
(33, NULL, 3, NULL, NULL,'2018-03-05T09:07:14.000', '2018-03-09T02:27:24.000', 5, '2018-03-02T08:40:18.000', 3, '2018-03-05T23:43:23.000'),
(19, NULL, 1, NULL, NULL,'2018-03-05T18:29:35.000', '2018-03-09T12:40:05.000', 3, '2018-03-02T14:21:26.000', 3, '2018-03-05T23:11:25.000'),
(1, 8, NULL, NULL, NULL,'2019-03-23T13:00:00.000', '2019-03-23T17:30:00.000', 1, '2019-03-17T18:39:09.037', 1, '2019-03-17T18:39:09.037'),
(1, 8, NULL, NULL, NULL,'2019-03-23T07:30:00.000', '2019-03-23T11:30:00.000', 1, '2019-03-17T22:35:06.257', 1, '2019-03-17T22:35:06.257'),
(1, 8, NULL, NULL, NULL,'2019-03-22T14:00:00.000', '2019-03-22T17:00:00.000', 1, '2019-03-18T21:38:12.400', 1, '2019-03-18T21:38:12.400');


INSERT INTO [TB_TACO_Request] ([EmployeeId], [OvertimeId], [TotalTime], [Status], [Date], [Comment], [CreatedBy], [CreatedOn], [ModifiedBy], [ModifiedOn]) 
VALUES (2, 1, 363.00, 'Denied', '2017-09-02T08:41:08.000', NULL, 2, '2017-05-26T16:32:18.000', 4, '2018-10-26T10:21:20.000'),
(3, 2, 298.00, 'Approved', '2017-05-14T19:43:25.000', NULL, 3, '2017-10-26T02:46:02.000', 1, '2018-09-07T12:32:56.000'),
(4, 1, 81.00, 'Denied', '2017-06-07T22:05:41.000', NULL, 4, '2018-02-28T15:43:03.000', 5, '2018-03-26T17:35:22.000'),
(5, 2, 71.00, 'Pending', '2017-10-12T15:03:23.000', NULL, 5, '2017-11-27T05:48:19.000', 4, '2018-04-07T20:28:37.000'),
(6, 2, 480.00, 'Denied', '2017-06-19T06:45:03.000', NULL, 6, '2017-08-18T16:51:18.000', 3, '2018-04-30T03:01:14.000'),
(7, 1, 379.00, 'Denied', '2017-04-03T05:38:57.000', NULL, 7, '2017-12-04T22:42:01.000', 4, '2019-01-24T03:08:27.000'),
(9, 2, 318.00, 'Approved', '2017-11-11T15:35:39.000', NULL, 8, '2017-09-08T19:36:45.000', 3, '2018-05-05T02:12:48.000'),
(9, 2, 120.00, 'Denied', '2017-12-22T14:04:20.000', NULL, 9, '2017-03-20T17:12:41.000', 2, '2018-10-30T14:48:29.000'),
(9, 2, 277.00, 'Pending', '2017-10-03T02:02:58.000', NULL, 10, '2017-04-18T14:11:29.000', 3, '2018-09-12T16:21:06.000'),
(9, 2, 188.00, 'Denied', '2017-04-10T09:23:03.000', NULL, 11, '2017-08-23T23:10:14.000', 2, '2018-11-02T00:11:17.000'),
(9, 2, 425.00, 'Denied', '2017-09-28T15:56:09.000', NULL, 12, '2017-12-21T23:16:29.000', 2, '2018-12-30T18:21:08.000'),
(9, 1, 439.00, 'Pending', '2017-11-01T18:30:10.000', NULL, 13, '2018-03-03T07:22:16.000', 2, '2019-01-07T23:13:53.000'),
(9, 1, 498.00, 'Pending', '2018-02-05T08:54:39.000', NULL, 14, '2017-03-08T00:24:34.000', 2, '2018-05-02T11:24:10.000'),
(15, 1, 298.00, 'Approved', '2018-02-06T03:29:10.000', NULL, 15, '2017-09-29T13:09:00.000', 1, '2019-01-05T12:13:46.000'),
(16, 2, 337.00, 'Approved', '2017-09-04T05:02:26.000', NULL, 16, '2017-06-24T13:44:11.000', 3, '2018-05-06T03:54:57.000'),
(17, 1, 245.00, 'Pending', '2017-06-06T22:42:28.000', NULL, 17, '2017-08-15T03:54:55.000', 2, '2018-09-07T21:36:31.000'),
(18, 1, 157.00, 'Denied', '2017-12-14T07:21:27.000', NULL, 18, '2017-03-19T11:27:05.000', 4, '2019-03-03T05:45:36.000'),
(19, 1, 466.00, 'Denied', '2017-03-28T08:24:23.000', NULL, 19, '2017-04-06T06:36:21.000', 1, '2018-07-09T02:52:37.000'),
(20, 2, 211.00, 'Denied', '2017-07-21T07:53:19.000', NULL, 20, '2018-02-19T04:05:58.000', 5, '2019-01-18T02:35:17.000'),
(21, 2, 191.00, 'Pending', '2017-03-31T15:48:49.000', NULL, 21, '2017-11-17T23:08:41.000', 2, '2018-03-26T21:23:29.000');


INSERT INTO [TB_TACO_ProjectTeam] ([EmployeeId], [ProjectId], [StartDate], [EndDate], [CreatedBy], [CreatedOn], [ModifiedBy], [ModifiedOn]) 
VALUES (66, 4, '2017-03-19T23:32:15.000', '2019-11-29T07:00:32.000', 4, '2017-03-18T18:22:44.000', 2, '2017-10-13T02:39:57.000'),
(74, 8, '2017-03-08T00:22:54.000', '2019-09-29T16:18:49.000', 3, '2017-03-11T07:31:15.000', 5, '2017-06-12T00:07:48.000'),
(9, 10, '2017-04-04T16:02:07.000', '2020-01-10T06:52:17.000', 2, '2017-03-21T20:27:34.000', 3, '2017-11-12T13:08:44.000'),
(66, 7, '2017-03-21T15:05:34.000', '2020-03-13T11:20:44.000', 4, '2017-03-18T19:42:19.000', 4, '2018-01-12T03:44:54.000'),
(52, 5, '2017-03-19T07:11:51.000', '2022-03-29T21:49:10.000', 4, '2017-03-23T05:00:58.000', 3, '2017-04-12T19:45:41.000'),
(19, 1, '2017-04-04T01:29:16.000', '2022-07-16T17:29:19.000', 1, '2017-03-29T03:16:58.000', 5, '2017-12-22T02:31:11.000'),
(51, 5, '2017-03-09T15:54:17.000', '2022-09-25T06:11:28.000', 5, '2017-03-13T05:59:31.000', 4, '2017-11-29T09:42:21.000'),
(75, 3, '2017-03-30T03:46:02.000', '2022-12-17T20:00:02.000', 3, '2017-03-23T00:45:37.000', 2, '2017-04-16T19:23:38.000'),
(1, 9, '2017-03-23T01:23:42.000', '2022-09-03T22:19:51.000', 1, '2017-03-13T23:39:47.000', 4, '2017-10-12T04:51:57.000'),
(1, 8, '2017-04-04T11:40:56.000', '2022-03-29T14:34:24.000', 2, '2017-03-29T05:06:54.000', 2, '2017-06-22T06:00:44.000'),
(1, 1, '2017-04-04T03:12:59.000', '2022-05-26T17:29:05.000', 2, '2017-04-04T14:20:05.000', 2, '2017-08-24T03:13:27.000'),
(1, 6, '2017-04-04T03:57:54.000', '2022-10-14T23:31:26.000', 5, '2017-03-26T05:35:20.000', 2, '2017-08-26T04:10:39.000'),
(65, 4, '2017-03-30T08:38:28.000', '2022-10-28T21:43:01.000', 1, '2017-03-08T16:41:35.000', 1, '2017-05-25T04:10:25.000'),
(5, 5, '2017-03-31T03:37:22.000', '2019-01-04T09:08:43.000', 4, '2017-04-04T00:28:50.000', 4, '2017-08-15T09:52:03.000'),
(6, 5, '2017-03-31T23:14:38.000', '2018-08-12T10:40:29.000', 2, '2017-03-11T22:13:50.000', 2, '2017-09-05T06:09:11.000');

INSERT INTO TB_TACO_AllocatedTimeDetail ([ProjectTeamId], [AllocatedMonth], [AllocatedYear], AllocatedDays, CreatedBy, CreatedOn, ModifiedBy, ModifiedOn) 
VALUES (6, 5, 2018, 45.12, 4, '2017-03-19T15:43:48.000', 3, '2018-05-04T00:17:26.000'),
(7, 12, 2018, 9.39, 4, '2017-03-26T21:20:55.000', 3, '2019-01-19T20:10:53.000'),
(13, 7, 2017, 61.34, 3, '2017-08-06T17:12:31.000', 5, '2018-04-28T05:03:18.000'),
(15, 12, 2017, 23.44, 5, '2017-09-22T21:52:48.000', 3, '2018-07-04T16:57:14.000'),
(7, 11, 2017, 79.32, 1, '2017-05-18T17:25:04.000', 3, '2018-07-29T00:39:51.000'),
(2, 10, 2018, 65.56, 5, '2017-07-20T09:57:36.000', 3, '2018-07-31T10:31:22.000'),
(14, 4, 2018, 87.55, 2, '2017-11-16T19:43:59.000', 4, '2018-06-26T18:26:34.000'),
(4, 1, 2018, 7.24, 1, '2018-02-12T16:52:25.000', 1, '2018-09-11T12:17:16.000'),
(10, 4, 2018, 9.02, 1, '2017-07-10T08:13:43.000', 4, '2018-12-21T18:20:18.000'),
(11, 10, 2018, 47.65, 5, '2017-04-30T19:34:59.000', 2, '2018-10-18T04:18:14.000'),
(7, 6, 2017, 4.01, 3, '2017-11-07T01:12:39.000', 4, '2018-05-05T22:22:06.000'),
(13, 7, 2018, 42.91, 5, '2018-02-19T13:02:14.000', 4, '2018-10-28T01:17:04.000'),
(5, 11, 2017, 26.26, 1, '2017-10-10T08:14:34.000', 3, '2018-05-08T07:20:41.000'),
(15, 2, 2017, 98.65, 1, '2018-02-25T02:44:06.000', 5, '2018-06-12T18:33:58.000'),
(6, 9, 2018, 17.23, 4, '2017-08-11T17:10:01.000', 1, '2018-09-08T21:04:14.000'),
(12, 5, 2018, 11.56, 2, '2017-10-08T02:41:34.000', 2, '2019-01-09T05:50:37.000'),
(2, 1, 2018, 29.84, 4, '2017-12-16T01:44:25.000', 4, '2018-10-07T19:01:27.000'),
(14, 4, 2018, 86.94, 5, '2018-01-06T00:05:04.000', 5, '2018-07-02T22:37:23.000'),
(13, 3, 2018, 9.37, 5, '2017-08-12T02:37:12.000', 1, '2018-03-27T06:56:15.000'),
(5, 12, 2018, 93.38, 1, '2017-04-22T02:21:37.000', 4, '2018-03-20T13:09:58.000'),
(1, 7, 2018, 50.68, 4, '2017-06-13T19:32:55.000', 2, '2018-12-18T15:55:30.000'),
(10, 9, 2018, 76.36, 2, '2017-10-19T06:44:05.000', 2, '2018-10-07T06:37:03.000'),
(7, 9, 2018, 97.06, 3, '2017-06-08T00:31:41.000', 4, '2019-02-27T17:54:28.000'),
(2, 3, 2018, 32.10, 2, '2017-05-04T18:04:03.000', 1, '2018-07-22T05:02:03.000'),
(5, 1, 2018, 1.79, 1, '2017-06-27T09:54:30.000', 2, '2018-05-10T17:48:36.000'),
(8, 2, 2017, 55.70, 2, '2017-12-16T19:05:59.000', 1, '2019-01-23T07:27:36.000'),
(15, 11, 2017, 19.93, 3, '2017-08-01T19:10:22.000', 3, '2018-07-20T05:40:20.000'),
(3, 11, 2017, 42.61, 3, '2017-09-26T11:06:30.000', 2, '2019-01-09T00:41:51.000'),
(11, 9, 2017, 17.34, 3, '2018-01-16T05:29:36.000', 4, '2018-05-04T10:50:24.000'),
(3, 9, 2018, 58.09, 4, '2017-11-06T12:02:19.000', 2, '2019-01-19T08:17:49.000')


INSERT INTO [TB_TACO_AttendanceEntitlement] ([AttendanceId], [EmployeeId], [TotalTime], [CreatedBy], [CreatedOn], [ModifiedBy], [ModifiedOn]) 
VALUES (3, 2, 5.30 , 4, '2017-04-10T11:34:47.000', 3, '2018-10-10T01:06:20.000'),
(1, 3, 5.71 , 2, '2017-09-29T18:09:46.000', 3, '2018-06-13T13:37:54.000'),
(1, 4, 1.09 , 2, '2017-12-03T17:42:38.000', 3, '2018-12-03T03:16:10.000'),
(1, 5, 4.93 , 2, '2018-03-06T11:23:25.000', 3, '2018-11-13T14:26:11.000'),
(1, 6, 5.52 , 4, '2017-03-28T16:19:42.000', 4, '2019-02-26T08:03:04.000'),
(3, 7, 1.37 , 3, '2017-06-18T02:17:30.000', 4, '2018-07-29T16:12:35.000'),
(1, 8, 2.39 , 4, '2017-05-25T11:29:03.000', 4, '2019-02-03T23:16:55.000'),
(2, 9, 1.75 , 5, '2017-12-21T16:48:19.000', 3, '2018-11-02T02:44:52.000'),
(1, 10, 4.53 , 5, '2017-10-01T01:23:44.000', 3, '2018-03-15T23:11:02.000'),
(2, 11, 1.36 , 4, '2017-09-30T09:58:34.000', 5, '2018-08-17T06:41:03.000'),
(1, 12, 4.01 , 4, '2017-07-02T01:36:45.000', 3, '2019-01-17T04:07:42.000'),
(1, 13, 2.71 , 4, '2017-04-14T08:24:15.000', 2, '2018-11-06T11:36:01.000'),
(3, 14, 1.99 , 3, '2017-07-12T05:38:18.000', 1, '2018-07-31T05:38:28.000'),
(3, 15, 4.85 , 2, '2017-10-13T06:46:57.000', 3, '2018-04-11T16:57:37.000'),
(1, 16, 3.79 , 2, '2017-05-25T10:31:16.000', 4, '2018-11-18T18:31:47.000'),
(1, 17, 4.23 , 3, '2017-05-13T02:53:47.000', 5, '2018-03-25T01:27:25.000'),
(2, 18, 1.35 , 3, '2017-04-27T03:22:40.000', 3, '2019-02-07T19:55:43.000'),
(3, 19, 3.72 , 3, '2017-05-21T17:38:48.000', 5, '2018-12-01T07:04:41.000'),
(3, 20, 1.31 , 5, '2017-03-19T01:05:42.000', 2, '2018-10-25T17:39:53.000'),
(1, 21, 2.76 , 1, '2018-01-28T13:33:35.000', 2, '2018-11-07T20:22:04.000'),
(3, 22, 2.48 , 5, '2017-05-10T06:06:22.000', 1, '2018-10-12T20:43:07.000'),
(3, 23, 5.52 , 3, '2017-06-14T10:01:32.000', 4, '2018-06-14T15:53:22.000'),
(2, 24, 5.81 , 5, '2017-12-10T18:19:27.000', 1, '2018-12-04T02:33:05.000'),
(1, 25, 1.48 , 1, '2017-04-19T02:08:05.000', 2, '2018-12-31T00:17:05.000'),
(3, 26, 5.45 , 4, '2017-08-01T08:44:56.000', 5, '2018-12-08T18:48:08.000'),
(1, 27, 4.50 , 2, '2018-02-28T22:19:37.000', 3, '2018-03-24T09:54:44.000'),
(2, 28, 1.49 , 5, '2017-07-10T02:59:13.000', 5, '2018-08-07T13:34:08.000'),
(2, 29, 1.67 , 2, '2017-04-15T23:35:35.000', 4, '2018-05-20T10:01:08.000'),
(3, 30, 4.14 , 1, '2017-08-14T05:04:23.000', 4, '2018-08-13T14:11:40.000'),
(2, 31, 4.21 , 5, '2017-06-01T05:11:10.000', 2, '2019-02-13T14:01:28.000'),
(2, 32, 4.60 , 4, '2017-04-12T13:10:34.000', 1, '2018-12-30T07:06:16.000'),
(3, 33, 4.17 , 4, '2017-09-26T23:13:22.000', 3, '2018-08-05T08:15:25.000'),
(3, 34, 4.86 , 3, '2017-09-21T21:07:50.000', 2, '2018-06-10T17:22:30.000'),
(3, 35, 5.06 , 2, '2017-05-07T14:14:39.000', 3, '2018-05-31T07:59:57.000'),
(1, 36, 5.39 , 3, '2017-05-01T22:00:19.000', 1, '2018-06-17T19:47:13.000'),
(2, 37, 2.91 , 5, '2018-03-03T06:16:52.000', 3, '2019-02-14T02:26:11.000'),
(1, 38, 3.99 , 2, '2017-08-22T11:42:21.000', 5, '2018-09-30T06:36:18.000'),
(2, 39, 1.62 , 1, '2017-06-06T20:11:24.000', 2, '2018-04-24T00:21:46.000'),
(3, 40, 3.90 , 3, '2017-11-09T11:04:38.000', 5, '2018-06-27T15:47:06.000'),
(3, 41, 4.10 , 1, '2018-02-14T14:36:07.000', 5, '2018-06-04T17:59:35.000'),
(1, 42, 3.11 , 1, '2017-03-19T22:19:26.000', 3, '2018-05-04T20:29:20.000'),
(1, 43, 2.48 , 1, '2017-07-10T20:42:38.000', 1, '2018-04-25T18:55:31.000'),
(1, 44, 5.38 , 3, '2017-08-29T03:15:47.000', 2, '2018-07-19T06:35:43.000'),
(2, 45, 2.62 , 5, '2017-09-11T21:48:58.000', 2, '2019-01-19T09:44:07.000'),
(2, 46, 2.74 , 1, '2018-02-17T20:34:23.000', 3, '2018-06-09T06:55:59.000'),
(3, 47, 5.18 , 3, '2018-01-12T11:38:49.000', 3, '2018-04-29T15:37:04.000'),
(3, 48, 3.20 , 3, '2017-11-28T03:12:39.000', 5, '2018-11-27T00:51:56.000'),
(2, 49, 1.90 , 1, '2017-05-23T12:45:58.000', 3, '2018-12-10T19:56:21.000'),
(1, 50, 4.94 , 4, '2017-07-17T11:43:36.000', 5, '2018-07-19T08:02:51.000'),
(2, 51, 5.18 , 1, '2017-07-24T00:57:33.000', 5, '2018-12-22T18:58:09.000'),
(3, 52, 2.39 , 2, '2017-10-24T16:32:54.000', 4, '2018-06-10T08:23:10.000'),
(1, 53, 5.38 , 1, '2017-10-14T23:40:07.000', 2, '2018-07-11T19:53:27.000'),
(3, 54, 4.70 , 3, '2017-12-18T15:24:16.000', 5, '2018-05-09T04:46:52.000'),
(2, 55, 2.45 , 4, '2017-10-21T13:18:18.000', 4, '2018-05-17T06:07:58.000'),
(1, 56, 2.46 , 2, '2017-05-05T18:29:05.000', 3, '2018-10-21T01:28:52.000'),
(1, 57, 3.82 , 3, '2018-03-05T23:53:55.000', 4, '2018-12-14T04:27:47.000'),
(1, 58, 1.68 , 3, '2017-06-28T17:23:04.000', 5, '2018-09-18T03:25:50.000'),
(3, 59, 3.79 , 3, '2017-09-11T22:44:09.000', 4, '2018-06-15T15:40:43.000'),
(2, 60, 2.93 , 1, '2017-12-01T16:30:30.000', 2, '2018-03-19T20:40:20.000'),
(1, 61, 5.84 , 1, '2018-01-11T15:09:24.000', 3, '2018-07-03T08:54:49.000'),
(1, 62, 4.72 , 1, '2018-01-04T14:15:38.000', 5, '2018-03-14T11:54:10.000'),
(2, 63, 4.92 , 5, '2017-04-21T20:22:30.000', 5, '2018-07-11T06:47:40.000'),
(1, 64, 2.67 , 3, '2017-09-13T19:54:54.000', 1, '2018-09-18T21:06:59.000'),
(3, 65, 1.64 , 4, '2017-05-23T08:45:56.000', 2, '2019-02-28T08:50:48.000'),
(2, 66, 3.78 , 5, '2017-08-31T16:31:51.000', 2, '2018-09-12T18:16:14.000'),
(1, 67, 4.63 , 3, '2017-05-22T12:01:33.000', 2, '2019-02-25T10:22:47.000'),
(2, 68, 1.94 , 5, '2017-07-19T13:03:52.000', 4, '2018-04-12T08:06:45.000'),
(3, 69, 3.61 , 5, '2017-06-08T10:18:00.000', 4, '2018-10-18T18:28:31.000'),
(2, 70, 1.01 , 1, '2017-06-27T16:40:41.000', 4, '2018-08-13T19:20:42.000'),
(2, 71, 5.25 , 5, '2017-09-15T19:33:14.000', 4, '2018-03-21T13:32:57.000'),
(1, 72, 2.54 , 1, '2018-02-26T15:57:43.000', 4, '2018-07-10T09:08:05.000'),
(3, 73, 4.60 , 2, '2018-01-13T06:45:08.000', 1, '2019-01-30T01:22:11.000'),
(3, 74, 4.65 , 1, '2017-05-05T03:16:31.000', 3, '2018-03-18T09:00:35.000'),
(3, 75, 1.21 , 2, '2017-10-28T09:02:56.000', 3, '2018-10-17T19:53:05.000'),
(1, 76, 5.72 , 1, '2017-10-15T02:00:59.000', 5, '2018-04-15T18:00:37.000'),
(2, 77, 3.69 , 4, '2017-06-03T03:45:10.000', 4, '2018-10-15T23:12:09.000'),
(3, 78, 2.99 , 1, '2017-10-31T05:08:32.000', 2, '2018-11-13T13:55:40.000'),
(3, 79, 1.04 , 4, '2018-03-03T07:16:36.000', 1, '2018-07-17T01:21:32.000'),
(1, 80, 2.17 , 1, '2017-03-07T16:07:08.000', 4, '2018-08-03T16:27:16.000')
